Workbook
Name _GoBack: Consolidado!$AQ$65
Name Con_R.C.: 'Listas (2)'!$B$26:$B$27
Name Con_R.C.: Listas!$B$26:$B$27
Name Excel_BuiltIn__FilterDatabase_7: #REF!
Name Excel_BuiltIn__FilterDatabase_7: #REF!
Name Excel_BuiltIn__FilterDatabase_7: #REF!
Name Excel_BuiltIn__FilterDatabase_7: #REF!
Name Excel_BuiltIn__FilterDatabase_7: #REF!
Name Excel_BuiltIn__FilterDatabase_8: #REF!
Name Excel_BuiltIn__FilterDatabase_8: #REF!
Name Excel_BuiltIn__FilterDatabase_8: #REF!
Name Excel_BuiltIn__FilterDatabase_8: #REF!
Name Excel_BuiltIn__FilterDatabase_8: #REF!
Name Excel_BuiltIn_Print_Area_10: #REF!
Name Excel_BuiltIn_Print_Area_10: #REF!
Name Excel_BuiltIn_Print_Area_10: #REF!
Name Excel_BuiltIn_Print_Area_10: #REF!
Name Excel_BuiltIn_Print_Area_10: #REF!
Name Modelo: 'Listas (2)'!$B$30:$B$31
Name Modelo: Listas!$B$30:$B$31
Name Nivel: [1]Consolidado!#REF!
Name Nivel: [1]Consolidado!#REF!
Name Nivel: #REF!
Name Nivel: Consolidado!#REF!
Name NivelPrePos: Listas!$B$10:$B$11
Name NivelPrePos: 'Listas (2)'!$B$10:$B$11
Name NivelPrePos: Listas!$B$10:$B$11
Name NivelU: 'Listas (2)'!$B$10:$B$11
Name NivelU: Listas!$B$10:$B$11
Name Por_extensión: [1]Consolidado!#REF!
Name Por_extensión: [1]Consolidado!#REF!
Name Por_extensión: #REF!
Name Por_extensión: Consolidado!#REF!
Name Regionalizacion: Listas!$B$4:$B$7
Name Regionalizacion: 'Listas (2)'!$B$4:$B$7
Name Regionalizacion: Listas!$B$4:$B$7
Name Regionalizacion: Listas!$B$4:$B$7
Name Salas: 'Listas (2)'!$B$14:$B$22
Name Salas: Listas!$B$14:$B$22
Name Si: [1]Consolidado!#REF!
Name Si: [1]Consolidado!#REF!
Name Si: #REF!
Name Si: Consolidado!#REF!
Name SiNo: Listas!$B$26:$B$27
Name SiNo: 'Listas (2)'!$B$26:$B$27
Name SiNo: Listas!$B$26:$B$27
Name SiNo: Listas!$B$26:$B$27
Name w: #REF!
Name w: #REF!
Name w: #REF!

Sheet Menú
E13: Centro de Gestión de Calidad y Acreditación Institucional
E14: Sistema Integrado de Gestión para la Acreditación SiGA
F15: Base de Datos Maestra del CGC-AI
C17: Listado Programas con RC | D17: Resumen Programas con RC | E17: Programas Acreditables | F17: Programas Acreditados | G17: Estado proceso Renovación RC por programa | H17: Resumen proceso Renovación RC | I17: Estado proceso AAC por programa | J17: Resumen proceso AAC
C23: RC: Registro Calificado | E23: AAC:Acreditación Alta Calidad
B26: Actualizada a 4 de junio de 2024

Sheet Consolidado
A1: Asignación de código SNIES para programas académicos
C2: Centro de Gestión de Calidad y Acreditación Institucional
C3: Sistema Interno de Aseguramiento de la Calidad
C4: Información de Programas Académicos de la Universidad del Cauca
A6: N° | B6: Código Proceso | C6: Facultad | D6: Programa | E6: Título otorgado | F6: Acuerdo de Creación Consejo Superior | G6: SNIES | H6: No Renovación | I6: Número de Admitidos autorizados por el MEN | J6: Periodicidad del admisión | K6: Convenio | L6: IES en Convenio | M6: Administrador de convenio | N6: Lugar de Desarrollo | O6: Jornada | P6: Regionalizado | Q6: Nivel de formación académico | R6: Nivel académico | S6: Modalidad | T6: Metodología | U6: Créditos Investigación | V6: Créditos Profundización | W6: Total Créditos Académicos | X6: Duración | Y6: Reforma Consejo Académico | Z6: Reforma Consejo Superior | AA6: Reforma MinEducación | AB6: % TIC | AC6: Con R.C. | AD6: Resolución R.C. | AE6: Resolución R.C. | AF6: Inicio R.C. | AG6: Duración (años) | AH6: SiGA RRC (14 meses antes) | AI6: Plazo Radicación RRC ante MinEducación (12 meses antes) | AJ6: Vencimiento R.C. | AK6: Extensión Decreto 1330 de 2019 | AL6: Vencimiento de R.C con Extensión decreto 1174 de 2023 | AM6: Histórico Resoluciones R.C. | AN6: Cantidad Res/Ren R.C. | AO6: Resolución R.C. de Oficio | AP6: Resolución R.C. Negada | AQ6: Número Egresados | AR6: Acreditable | AS6: Acreditado | AT6: En Proceso de Acreditación | AU6: Resolución Acreditación A.C. | AV6: Inicio A.A.C. | AW6: Duración (años) | AX6: Entrega al CGCAI (14 meses antes) | AY6: Plazo Radicación AAC ante MinEducación (1 año antes) | AZ6: Vencimiento A.A.C. | BA6: Mitad Vigencia de Acreditación (Plan de Mejora) | BB6: Histórico Resoluciones AAC | BC6: Cantidad Res. AAC | BD6: Resolución AAC Negada | BE6: Lineamiento Acreditación | BF6: Observaciones Generales | BG6: Coordinador de Programa
A7: 1 | B7: 29672 | C7: Facultad de Artes | D7: Artes Plásticas | E7: Maestro en Artes Plásticas | F7: Ac. 006 de 17-Feb-1996 (CS) Reforma 04 de 03-Feb-2010 | G7: 224 | I7: 30 (2021) | J7: Semestral | N7: Popayán | O7: Diurna | P7: No | Q7: Profesional Universitario | R7: Pregrado | S7: Presencial | T7: N/A | U7: N/A | V7: N/A | W7: 158 | X7: 10 Semestres | AB7: 0.35 | AC7: =IF(AJ7>TODAY(),"Si","No") -> Si | AD7: 19202 | AE7: 19202 | AF7: 44480 | AG7: 7 | AH7: =EDATE(AF7,(AG7*12)-14) -> 46610 | AI7: =EDATE(AF7,(AG7*12)-12) -> 46671 | AJ7: =EDATE(AF7,AG7*12) -> 47037 | AM7: Res. 4837 de 07-abr-2014 (7a) Res. 2764 de 25-may-2007 | AN7: 3 | AR7: Si | AT7: ='Rutas AAC'!AE7
A8: 2 | B8: 34954 | C8: Facultad de Artes | D8: Maestría en Música | E8: Magíster en Música | F8: Ac. S. 071 17/12/2014 MODIFICADO por Ac. S. 022 6/04/2015 | G8: 104526 | I8: 20 (2021) | J8: Anual | N8: Popayán | O8: Diurna | P8: No | Q8: Maestría | R8: Posgrado | S8: Presencial | T8: Profundización | V8: 41 | W8: 41 | X8: 4 semestres | AB8: No se cuenta con información | AC8: =IF(AJ8>TODAY(),"Si","No") -> Si | AD8: 19204 | AE8: 19204 | AF8: 44480 | AG8: 7 | AH8: =EDATE(AF8,(AG8*12)-14) -> 46610 | AI8: =EDATE(AF8,(AG8*12)-12) -> 46671 | AJ8: =EDATE(AF8,AG8*12) -> 47037 | AM8: Res. 6930 de 14-may-2015 (7a) | AN8: 2 | AR8: No | AT8: ='Rutas AAC'!AE12
A9: 3 | B9: 13119 | C9: Facultad de Artes | D9: Licenciatura en Música | E9: Licenciado en Música | F9: Res. 1504 de 30-Jun-1992 CS | G9: 225 | I9: 25 (2023) | J9: Semestral | N9: Popayán | O9: Diurna | P9: No | Q9: Profesional Universitario | R9: Pregrado | S9: Presencial | T9: N/A | U9: N/A | V9: N/A | W9: 164 | X9: 10 Semestres | Y9: AC. 012 del 07-Jun-2017 (CA) | AA9: Res. 25125 de 17-nov-2017 (MEN) | AB9: 0.07 | AC9: =IF(AJ9>TODAY(),"Si","No") -> Si | AD9: 1042 | AE9: 1042 | AF9: 44960 | AG9: 7 | AH9: =EDATE(AF9,(AG9*12)-14) -> 47090 | AI9: =EDATE(AF9,(AG9*12)-12) -> 47152 | AJ9: =EDATE(AF9,AG9*12) -> 47517 | AM9: Res. 1999 de 13-feb-2018 (7a) Res. 743 de 08-feb-2011 (7a) Res. 2117 de 12-sep-2001 | AN9: 4 | AR9: Si | AS9: Si | AT9: ='Rutas AAC'!AE8 | AU9: 1042 | AV9: 44960 | AW9: 6 | AX9: =EDATE(AV9,(AW9*12)-14) -> 46724 | AY9: =EDATE(AV9,(AW9*12)-12) -> 46786 | AZ9: =EDATE(AV9,(AW9*12)) -> 47152 | BA9: =EDATE(AV9,((AW9/2)*12)) -> 46056 | BB9: Res. 27743 de 07-dic-2017 (4a) | BC9: 2
A10: 4 | B10: 31470 | C10: Facultad de Artes | D10: Música Instrumental | E10: Música Instrumental | F10: Ac. 046 de 29-Ago-2000 (CS) Modificado por el Acuerdo 008 de 2007 Derogado por el Ac. 038 de 11-Jun-2014 | G10: 54801 | I10: 30 (2023) | J10: Bimestral | N10: Popayán | O10: Diurna | P10: No | Q10: Profesional Universitario | R10: Pregrado | S10: Presencial | T10: N/A | U10: N/A | V10: N/A | W10: 182 | X10: 12 Semestres | Y10: AC. 015 del 2014 | AB10: No se cuenta con información | AC10: =IF(AJ10>TODAY(),"Si","No") -> Si | AD10: 1037 | AE10: 1037 | AF10: 44960 | AG10: 7 | AH10: =EDATE(AF10,(AG10*12)-14) -> 47090 | AI10: =EDATE(AF10,(AG10*12)-12) -> 47152 | AJ10: =EDATE(AF10,AG10*12) -> 47517 | AM10: Res. 8264 de 18-may-2021 (7a) Res. 18029 de 21-sep-2021 (Corr) Res. 13551 de 21-ago-2014 (7a) Res. 6506 de 26-oct-2007 | AN10: 4 | AR10: Si | AS10: Si | AT10: ='Rutas AAC'!AE11 | AU10: 1037 | AV10: 44960 | AW10: 6 | AX10: =EDATE(AV10,(AW10*12)-14) -> 46724 | AY10: =EDATE(AV10,(AW10*12)-12) -> 46786 | AZ10: =EDATE(AV10,(AW10*12)) -> 47152 | BA10: =EDATE(AV10,((AW10/2)*12)) -> 46056 | BC10: 1 | BE10: 2013
A11: 5 | B11: 31015 | C11: Facultad de Artes | D11: Diseño Gráfico | E11: Diseñador Gráfico | F11: Ac. 016 de 18-Feb-1997 CS | G11: 4963 | I11: 30 (2020) | J11: Semestral | N11: Popayán | O11: Diurna | P11: No | Q11: Profesional Universitario | R11: Pregrado | S11: Presencial | T11: N/A | U11: N/A | V11: N/A | W11: 149 | X11: 9 Semestres | Y11: AC. 014 del 21-Sep-2016 (CA) | AA11: Res. 04303 de 10-may-2017 MEN | AB11: No se cuenta con información | AC11: =IF(AJ11>TODAY(),"Si","No") -> Si | AD11: 6400 | AE11: 6400 | AF11: 45036 | AG11: 7 | AH11: =EDATE(AF11,(AG11*12)-14) -> 47169 | AI11: =EDATE(AF11,(AG11*12)-12) -> 47228 | AJ11: =EDATE(AF11,AG11*12) -> 47593 | AM11: Res. 12800 de 10-jul-2020 (7a) Res. 4938 de 07-abr-2014 (7a) Res. 4303 de 10-mar-2017 (Corr) Res. 5420 de 12-sep-2007 | AN11: 5 | AR11: Si | AS11: Si | AT11: ='Rutas AAC'!AE9 | AU11: 6400 | AV11: 45036 | AW11: 6 | AX11: =EDATE(AV11,(AW11*12)-14) -> 46803 | AY11: =EDATE(AV11,(AW11*12)-12) -> 46863 | AZ11: =EDATE(AV11,(AW11*12)) -> 47228 | BA11: =EDATE(AV11,((AW11/2)*12)) -> 46132 | BC11: 1
A12: 6 | B12: 31214 | C12: Facultad de Artes | D12: Dirección de Banda | E12: Maestro en Dirección de Banda | F12: Ac.045 de 29-Ago-2000 (Maestro en Música) (CS) | G12: 11067 | I12: 30 (2021) | J12: Anual | N12: Popayán | O12: Diurna | P12: No | Q12: Profesional Universitario | R12: Pregrado | S12: Presencial | T12: N/A | U12: N/A | V12: N/A | W12: 170 | X12: 10 Semestres | AB12: No se cuenta con información | AC12: =IF(AJ12>TODAY(),"Si","No") -> Si | AD12: 6402 | AE12: 6402 | AF12: 45036 | AG12: 7 | AH12: =EDATE(AF12,(AG12*12)-14) -> 47169 | AI12: =EDATE(AF12,(AG12*12)-12) -> 47228 | AJ12: =EDATE(AF12,AG12*12) -> 47593 | AM12: Res. 8914 de 21-may-2021 (7a) Res. 13547 de 21-ago-2014 (7a) Res. 5811 de 02-oct-2007 | AN12: 4 | AR12: Si | AS12: Si | AT12: ='Rutas AAC'!AE10 | AU12: 6402 | AV12: 45036 | AW12: 4 | AX12: =EDATE(AV12,(AW12*12)-14) -> 46073 | AY12: =EDATE(AV12,(AW12*12)-12) -> 46132 | AZ12: =EDATE(AV12,(AW12*12)) -> 46497 | BA12: =EDATE(AV12,((AW12/2)*12)) -> 45767 | BC12: 1
A13: 7 | B13: 21442 | C13: Facultad de Ciencias Agrarias | D13: Ingeniería Agroindustrial | E13: Ingeniero Agroindustrial | F13: Ac. 040 de 02-Nov-1995 Consejo Superior | G13: 3833 | I13: 40 (2020) | J13: Semestral | N13: Popayán Patía (El Bordo) Santander de Quilichao | O13: Diurna | P13: Ampliación de cobertura | Q13: Profesional Universitario | R13: Pregrado | S13: Presencial | T13: N/A | U13: N/A | V13: N/A | W13: 166 | X13: 10 Semestres | Y13: AC. 007 del 26-Mar-2012 (CA) AC. 020 del 26-Jun-2013 (CA) AC. 019 del 23-Sep-2015 (CA) | AB13: No se cuenta con información | AC13: =IF(AJ13>TODAY(),"Si","No") -> Si | AD13: 13200 | AE13: 13200 | AF13: 44029 | AG13: 7 | AH13: =EDATE(AF13,(AG13*12)-14) -> 46159 | AI13: =EDATE(AF13,(AG13*12)-12) -> 46220 | AJ13: =EDATE(AF13,AG13*12) -> 46585 | AM13: Res. 10608 de 14-jul-2015 Res. 5518 de 24-mar-2017 (Ren oficio) Res. 12939 de 31-dic-2010 Res. 1017 de 21-abr-2004 | AN13: 4 | AR13: Si | AS13: Si | AT13: ='Rutas AAC'!AE14 | AU13: 13200 | AV13: 44029 | AW13: 6 | AX13: =EDATE(AV13,(AW13*12)-14) -> 45794 | AY13: =EDATE(AV13,(AW13*12)-12) -> 45855 | AZ13: =EDATE(AV13,(AW13*12)) -> 46220 | BA13: =EDATE(AV13,((AW13/2)*12)) -> 45124 | BB13: Res. 10608 de 14-jul-2015 (4a) | BC13: 1 | BE13: 2013 | BF13: En la respuesta 2025-ER-0340850 de 18/08/2025 se indica que los municipios de Santander de Quilicihao y el Bordo no se encuentra registrados en el SNIES 3833
A14: 8 | B14: 32096 | C14: Facultad de Ciencias Agrarias / eliminar??? No enviamos correo NBC | D14: Especialización en Sanidad en Producción Agraria Integrada | E14: Especialista en Sanidad en Producción Agraria Integrada | F14: Ac. S. 005 6-feb-2014 | G14: 103292 | I14: 24 (2021) | J14: Semestral | N14: Popayán | O14: Diurna | P14: No | Q14: Especialización | R14: Posgrado | S14: Presencial | T14: Profundización | U14: N/A | V14: 27 | W14: 27 | X14: 2 semestres | AB14: 0.25 | AC14: =IF(AJ14>TODAY(),"Si","No") -> Si | AD14: 3293 | AE14: 3293 | AF14: 44258 | AG14: 7 | AH14: =EDATE(AF14,(AG14*12)-14) -> 46390 | AI14: =EDATE(AF14,(AG14*12)-12) -> 46449 | AJ14: =EDATE(AF14,AG14*12) -> 46815 | AM14: Res. 5444 de 14-abr-2014 (7a) | AN14: 2 | AR14: N/A | AT14: ='Rutas AAC'!AE19 | AU14: N/A | AV14: N/A | AW14: N/A | AX14: N/A | AY14: N/A | AZ14: N/A
A15: 9 | B15: 35059 | C15: Facultad de Ciencias Agrarias | D15: Especialización en Gestión Integral del Recurso Hídrico | E15: Especialista en Gestión Integral del Recurso Hídrico | F15: Ac. S. 057 19/11/2014 | G15: 104846 | I15: 21 (2022) | J15: Semestral | N15: Popayán | O15: Mixta | P15: No | Q15: Especialización | R15: Posgrado | S15: Presencial | T15: Profundización | U15: N/A | V15: 27 | W15: 27 | X15: 2 semestres | AB15: 0.25 | AC15: =IF(AJ15>TODAY(),"Si","No") -> Si | AD15: 2116 | AE15: 2116 | AF15: 44617 | AG15: 7 | AH15: =EDATE(AF15,(AG15*12)-14) -> 46746 | AI15: =EDATE(AF15,(AG15*12)-12) -> 46808 | AJ15: =EDATE(AF15,AG15*12) -> 47174 | AM15: Res. 12925 de 21-ago-2015 (7a) | AN15: 2 | AR15: N/A | AT15: ='Rutas AAC'!AE25 | AU15: N/A | AV15: N/A | AW15: N/A | AX15: N/A | AY15: N/A | AZ15: N/A
A17: 11 | B17: 35717 | C17: Facultad de Ciencias Agrarias | D17: Maestría en Ciencias Agrarias | E17: Magíster en Ciencias Agrarias | F17: Ac. S. 017 18/03/2015 | G17: 104677 | I17: 15 (2022) | J17: Anual | N17: Popayán | O17: Diurna | P17: No | Q17: Maestría | R17: Posgrado | S17: Presencial | T17: Investigación | U17: 52 | V17: N/A | W17: 52 | X17: 4 semestres | AB17: 0.25 | AC17: =IF(AJ17>TODAY(),"Si","No") -> Si | AD17: 9952 | AE17: 9952 | AF17: 44715 | AG17: 7 | AH17: =EDATE(AF17,(AG17*12)-14) -> 46846 | AI17: =EDATE(AF17,(AG17*12)-12) -> 46907 | AJ17: =EDATE(AF17,AG17*12) -> 47272 | AM17: Res. 9745 de 06-jul-2015 (7a) | AN17: 2 | AR17: No | AT17: ='Rutas AAC'!AE23
A18: 12 | B18: 29057 | C18: Facultad de Ciencias Agrarias | D18: Doctorado en Ciencias Agrarias y Agroindustriales | E18: Doctor en Ciencias Agrarias y Agroindustriales | F18: Ac. S. 020 23-abr-2013 | G18: 103231 | I18: 5 (2022) | J18: Anual | N18: Popayán | O18: Diurna | P18: No | Q18: Doctorado | R18: Posgrado | S18: Presencial | T18: Investigación | U18: 130 | V18: N/A | W18: 130 | X18: 8 semestres | AB18: 0.25 | AC18: =IF(AJ18>TODAY(),"Si","No") -> Si | AD18: 12973 | AE18: 12973 | AF18: 44748 | AG18: 7 | AH18: =EDATE(AF18,(AG18*12)-14) -> 46879 | AI18: =EDATE(AF18,(AG18*12)-12) -> 46940 | AJ18: =EDATE(AF18,AG18*12) -> 47305 | AM18: Res. 5533 de 14-abr-2014 (7a) Res. 8105 de 30-may-2014 (Correc) | AN18: 3 | AR18: No | AT18: ='Rutas AAC'!AE18
A19: 13 | B19: 21910 | C19: Facultad de Ciencias Agrarias | D19: Ingeniería Forestal | E19: Ingeniero Forestal | F19: Ac. 040 de 10-Sep-1999 CS | G19: 9833 | I19: 40 (2018) | J19: Semestral | N19: Popayán | O19: Diurna | P19: No | Q19: Profesional Universitario | R19: Pregrado | S19: Presencial | T19: N/A | U19: N/A | V19: N/A | W19: 157 | X19: 10 Semestres | Y19: AC. 007 del 26-Mar-2012 (CA) AC. 029 del 06-Ago-2013 (CA) | AA19: Res. 02948 del 22-02-2018 | AB19: 0.2 | AC19: =IF(AJ19>TODAY(),"Si","No") -> Si | AD19: 8482 | AE19: =AD19 -> 8482 | AF19: 45771 | AG19: 7 | AH19: =EDATE(AF19,(AG19*12)-14) -> 47903 | AI19: =EDATE(AF19,(AG19*12)-12) -> 47962 | AJ19: =EDATE(AF19,AG19*12) -> 48328 | AM19: Res. 4952 de 16-jun-11 Res. 1845 de 02-jul-2004 (7a) | AN19: 3 | AR19: Si | AS19: si | AT19: ='Rutas AAC'!AE16 | AU19: 8482 | AV19: 45771 | AW19: 6 | AX19: =EDATE(AV19,(AW19*12)-14) -> 47538 | AY19: =EDATE(AV19,(AW19*12)-12) -> 47597 | AZ19: =EDATE(AV19,(AW19*12)) -> 47962 | BA19: =EDATE(AV19,((AW19/2)*12)) -> 46867 | BC19: 1 | BE19: 2018 | BF19: Los nombres de estos programas fueron modificados mediante Ac. No. 9 20/02/1996. | BG19: Cristina Madiedo Pérez
A20: 14 | B20: 22635 | C20: Facultad de Ciencias Contables, Económicas y Administrativas | D20: Contaduría Pública | E20: Contador Público | F20: Ac. 065 de 03-Jul-1967 Ac 114 de 1966 | G20: 235 | I20: 46 (2018) 45 (2025) | J20: Semestral | N20: Popayán | O20: Nocturna | P20: No | Q20: Profesional Universitario | R20: Pregrado | S20: Presencial | T20: N/A | U20: N/A | V20: N/A | W20: 160 | X20: 10 Semestres | Y20: Res. 010 del 08-Feb-2012 (CA) AC. 001 del 2015 | AA20: Res. 14447 de 04-sep-2014 (MEN) Res. 16342 de 30-sep-2015 (MEN) | AB20: 0.0375 | AC20: =IF(AJ20>TODAY(),"Si","No") -> Si | AD20: 23503 | AE20: 23503 | AF20: 45989 | AG20: 7 | AH20: =EDATE(AJ20,-14) -> 48119 | AI20: =EDATE(AJ20,-12) -> 48180 | AJ20: =EDATE(AF20,AG20*12) -> 48546 | AL20: 46022 | AM20: Res. 8937 de 31-may-2018 (RenOficio) Res. 9871 de 20-may-2016 (7a) Res. 5680 de 25-ago-2009 Res. 16342 de 30-sep-2015 (Modif) Res. 8557 de 8-jul-2013 (Amp.Cob) Res. 1589 de 28-feb-2011 (7a) Res. 9772 de 23-dic-2008 (7a) Res. 23503 de 28-nov-2025 (7a) | AN20: 8 | AO20: Si | AR20: Si | AS20: No | AT20: ='Rutas AAC'!AE29 | BB20: Res. 5608 de 25-ago-2009 (4a) Res.464 de 20-feb-2004 (3a) | BC20: 3
A21: 15 | B21: 26485 | C21: Facultad de Ciencias Contables, Económicas y Administrativas | D21: Especialización en Gerencia de Impuestos | E21: Especialista en Gerencia de Impuestos | F21: Ac. S. 008 28/01/1994 | G21: 2970 | I21: 25 (2019) | J21: Semestral | N21: Popayán | O21: Diurna | P21: No | Q21: Especialización | R21: Posgrado | S21: Presencial | T21: Profundización | U21: N/A | V21: 26 | W21: 26 | X21: 2 Semestres | AB21: No se cuenta con información | AC21: =IF(AJ21>TODAY(),"Si","No") -> Si | AD21: 16033 | AE21: 16033 | AF21: 43817 | AG21: 7 | AH21: =EDATE(AF21,(AG21*12)-14) -> 45948 | AI21: =EDATE(AF21,(AG21*12)-12) -> 46009 | AJ21: =EDATE(AF21,AG21*12) -> 46374 | AM21: Res. 2571 de 14-mar-2013 (7a) Res. 2993 de 22-may-2008 | AN21: 3 | AR21: N/A | AT21: ='Rutas AAC'!AE30 | AU21: N/A | AV21: N/A | AW21: N/A | AX21: N/A | AY21: N/A | AZ21: N/A
A22: 16 | B22: 26543 | C22: Facultad de Ciencias Contables, Económicas y Administrativas | D22: Especialización en Revisoría Fiscal y Auditoría Internacional | E22: Especialista en Revisoría Fiscal y Auditoría Internacional | F22: Ac. S. 043 11/09/2001 | G22: 15924 | I22: 30 (2019) | J22: Semestral | N22: Popayán | O22: Diurna | P22: No | Q22: Especialización | R22: Posgrado | S22: Presencial | T22: Profundización | U22: N/A | V22: 28 | W22: 28 | X22: 2 Semestres | AB22: 0.25 | AC22: =IF(AJ22>TODAY(),"Si","No") -> Si | AD22: 16039 | AE22: 16039 | AF22: 43817 | AG22: 7 | AH22: =EDATE(AF22,(AG22*12)-14) -> 45948 | AI22: =EDATE(AF22,(AG22*12)-12) -> 46009 | AJ22: =EDATE(AF22,AG22*12) -> 46374 | AM22: Res. 4980 de 02-may-2013 (7a) Res. 17173 de 27-nov-2013 (Corr 4980) Res. 3193 de 30-may-2008 (5a) | AN22: 3 | AR22: N/A | AT22: ='Rutas AAC'!AE34 | AU22: N/A | AV22: N/A | AW22: N/A | AX22: N/A | AY22: N/A | AZ22: N/A
A23: 17 | B23: 25378 | C23: Facultad de Ciencias Contables, Económicas y Administrativas | D23: Especialización en Gerencia de Proyectos | E23: Especialista en Gerencia de Proyectos | F23: Ac. S. 033 8/08/1995 | G23: 102109 | I23: 30 (2019) | J23: Anual | K23: Si | L23: Universidad de Nariño | N23: Pasto - Nariño | O23: Mixta | P23: Si | Q23: Especialización | R23: Posgrado | S23: Presencial | T23: Profundización | U23: N/A | V23: 30 | W23: 30 | X23: 2 Semestres | AB23: No se cuenta con información | AC23: =IF(AJ23>TODAY(),"Si","No") -> Si | AD23: 16018 | AE23: 16018 | AF23: 43817 | AG23: 7 | AH23: =EDATE(AF23,(AG23*12)-14) -> 45948 | AI23: =EDATE(AF23,(AG23*12)-12) -> 46009 | AJ23: =EDATE(AF23,AG23*12) -> 46374 | AM23: Res. 16392 de 13-dic-2012 (7a) | AN23: 2 | AR23: N/A | AT23: ='Rutas AAC'!AE37 | AU23: N/A | AV23: N/A | AW23: N/A | AX23: N/A | AY23: N/A | AZ23: N/A
A24: 18 | B24: 28223 | C24: Facultad de Ciencias Contables, Económicas y Administrativas | D24: Especialización en Mercadeo Corporativo | E24: Especialista en Mercadeo Corporativo | F24: Res. 029 26/06/2001 | G24: 15358 | I24: 30 (2020) | J24: Semestral | N24: Popayán | O24: Diurna | P24: No | Q24: Especialización | R24: Posgrado | S24: Presencial | T24: Profundización | U24: N/A | V24: 19 | W24: 19 | X24: 2 Semestres | AB24: No se cuenta con información | AC24: =IF(AJ24>TODAY(),"Si","No") -> Si | AD24: 8266 | AE24: 8266 | AF24: 43978 | AG24: 7 | AH24: =EDATE(AF24,(AG24*12)-14) -> 46108 | AI24: =EDATE(AF24,(AG24*12)-12) -> 46169 | AJ24: =EDATE(AF24,AG24*12) -> 46534 | AM24: Res. 8951 de 15-jul-2013 (7a) Res. 7219 de 17-nov-2006 | AN24: 3 | AR24: N/A | AT24: ='Rutas AAC'!AE33 | AU24: N/A | AV24: N/A | AW24: N/A | AX24: N/A | AY24: N/A | AZ24: N/A
A25: 19 | B25: 26454 | C25: Facultad de Ciencias Contables, Económicas y Administrativas | D25: Especialización en Gerencia de Proyectos | E25: Especialista en Gerencia de Proyectos | F25: Ac. S. 033 08/08/1995 | G25: 3613 | I25: 35 (2020) | J25: Trimestral | N25: Popayán | O25: Mixta | P25: No | Q25: Especialización | R25: Posgrado | S25: Presencial | T25: Profundización | U25: N/A | V25: 30 | W25: 30 | X25: 2 Semestres | AB25: No se cuenta con información | AC25: =IF(AJ25>TODAY(),"Si","No") -> Si | AD25: 11104 | AE25: 11104 | AF25: 44012 | AG25: 7 | AH25: =EDATE(AF25,(AG25*12)-14) -> 46142 | AI25: =EDATE(AF25,(AG25*12)-12) -> 46203 | AJ25: =EDATE(AF25,AG25*12) -> 46568 | AM25: Res. 5358 de 10-may-2013 (7a) Res. 3192 de 30-may-2008 | AN25: 3 | AR25: N/A | AT25: ='[2]Rutas AAC'!AE45 -> #REF! | AU25: N/A | AV25: N/A | AW25: N/A | AX25: N/A | AY25: N/A | AZ25: N/A
A26: 20 | B26: 26638 | C26: Facultad de Ciencias Contables, Económicas y Administrativas | D26: Administración de Empresas | E26: Administrador de Empresas | F26: Res. 112 20-Dic-1989 CS | G26: 234 | I26: 45 (2020) | J26: Semestral | N26: Popayán | O26: Diurna | P26: No | Q26: Profesional Universitario | R26: Pregrado | S26: Presencial | T26: N/A | U26: N/A | V26: N/A | W26: 164 | X26: 10 Semestres | Y26: AC. 002 del 12-Feb-2014 (CA) | AA26: Res. 14130 de 02-sep-2014 (MEN) | AB26: No se cuenta con información | AC26: =IF(AJ26>TODAY(),"Si","No") -> Si | AD26: 18046 | AE26: 18046 | AF26: 44102 | AG26: 7 | AH26: =EDATE(AF26,(AG26*12)-14) -> 46231 | AI26: =EDATE(AF26,(AG26*12)-12) -> 46293 | AJ26: =EDATE(AF26,AG26*12) -> 46658 | AM26: Res. 575 de 22-ene-2018 (7a) Res. 14130 de 2-sep-2014 (Corr) Res 2031 de 24-mar-2010 (7a) Res 13153 de 16-oct-2012 Res. 17739 de 22-oct-2014 Res. 3152 de 16-jun-2006 | AN26: 3 | AR26: Si | AS26: No | AT26: ='Rutas AAC'!AE28 | BB26: Res. 20141 de 11-dic-2015 (4a) Res.2031 de 24-mar-2010 (4a) | BC26: 3 | BE26: 2013
A27: 21 | B27: 32323 | C27: Facultad de Ciencias Contables, Económicas y Administrativas | D27: Maestría en Gestión de Organizaciones y Proyectos | E27: Magíster en Gestión de Organizaciones y Proyectos | F27: Ac. S. 016 5/03/2014 | G27: 103477 | I27: 25 (2021) | J27: Anual | N27: Popayán | O27: Mixta | P27: No | Q27: Maestría | R27: Posgrado | S27: Presencial | T27: Investigación | U27: 54 | V27: N/A | W27: 54 | X27: 4 semestres | AB27: 0.25 | AC27: =IF(AJ27>TODAY(),"Si","No") -> Si | AD27: 2583 | AE27: 2583 | AF27: 44246 | AG27: 7 | AH27: =EDATE(AF27,(AG27*12)-14) -> 46375 | AI27: =EDATE(AF27,(AG27*12)-12) -> 46437 | AJ27: =EDATE(AF27,AG27*12) -> 46802 | AM27: Res. 222 de 04-ene-2021 (modificada por la Res. 2583) Res. 11044 de 14-jul-2014 (7a) | AN27: 2 | AR27: No | AT27: ='Rutas AAC'!AE38
A28: 22 | B28: 57747 | C28: Facultad de Ciencias Contables, Económicas y Administrativas | D28: Maestría en Economía Regional y Políticas Públicas | E28: Magíster en Economía Regional y Políticas Públicas | F28: Ac. 050 de 23-Sep-2021 | G28: 110924 | I28: 15 (2022) | J28: Anual | N28: Popayán | O28: Mixta | P28: No | Q28: Maestría | R28: Posgrado | S28: Presencial | T28: Investigación | U28: 56 | V28: N/A | W28: 56 | X28: 4 Semestres | AB28: No se cuenta con información | AC28: Si | AD28: 2117 | AE28: 2117 | AF28: 44617 | AG28: 7 | AH28: =EDATE(AF28,(AG28*12)-14) -> 46746 | AI28: =EDATE(AF28,(AG28*12)-12) -> 46808 | AJ28: =EDATE(AF28,AG28*12) -> 47174 | AN28: 1 | AR28: No
A29: 23 | B29: 57748 | C29: Facultad de Ciencias Contables, Económicas y Administrativas | D29: Maestría en Gestión del Conocimiento y la Innovación | E29: Magíster en Gestión del Conocimiento y la Innovación | F29: A. S. 049 de 23-Sep-2021 | G29: 111151 | I29: 15 (2022) | J29: Anual | N29: Popayán | O29: Diurna | P29: No | Q29: Maestría | R29: Posgrado | S29: Presencial | T29: Investigación | U29: 48 | V29: N/A | W29: 48 | X29: 4 Semestres | AB29: No se cuenta con información | AC29: Si | AD29: 7139 | AE29: 7139 | AF29: 44678 | AG29: 7 | AH29: =EDATE(AF29,(AG29*12)-14) -> 46810 | AI29: =EDATE(AF29,(AG29*12)-12) -> 46870 | AJ29: =EDATE(AF29,AG29*12) -> 47235 | AN29: 1 | AR29: No
A30: 24 | B30: 26448 | C30: Facultad de Ciencias Contables, Económicas y Administrativas | D30: Economía | E30: Economista | F30: Ac.003 de 20-Ene-1998 CS | G30: 8441 | I30: 45 (2023) | J30: Semestral | N30: Popayán | O30: Diurna | P30: No | Q30: Profesional Universitario | R30: Pregrado | S30: Presencial | T30: N/A | U30: N/A | V30: N/A | W30: 176 | X30: 10 Semestres | Y30: AC. 007 del 2014 | AB30: No se cuenta con información | AC30: =IF(AJ30>TODAY(),"Si","No") -> Si | AD30: 8576 | AE30: 8576 | AF30: 45071 | AG30: 7 | AH30: =EDATE(AF30,(AG30*12)-14) -> 47202 | AI30: =EDATE(AF30,(AG30*12)-12) -> 47263 | AJ30: =EDATE(AF30,AG30*12) -> 47628 | AM30: Res. 3525 de 17-jul-2018 (7a) Res. 3141 de 04-abr-2013 Res. 2159 de 17-may-2006 | AN30: 4 | AR30: Si | AS30: Si | AT30: ='Rutas AAC'!AE32 | AU30: 8576 | AV30: 45071 | AW30: 4 | AX30: =EDATE(AV30,(AW30*12)-14) -> 46106 | AY30: =EDATE(AV30,(AW30*12)-12) -> 46167 | AZ30: =EDATE(AV30,(AW30*12)) -> 46532 | BA30: =EDATE(AV30,((AW30/2)*12)) -> 45802 | BB30: Res. 11561 de 17-jul-2018 (4a) | BC30: 2
A31: 25 | B31: 38549 | C31: Facultad de Ciencias Contables, Económicas y Administrativas | D31: Maestría en Estudios Interdisciplinarios del Desarrollo | E31: Magíster en Estudios Interdisciplinarios del Desarrollo | F31: Ac. S. 009 17/02/2009 | G31: 55045 | I31: 46 (2017) | J31: Anual | N31: Popayán | O31: Diurna | P31: No | Q31: Maestría | R31: Posgrado | S31: Presencial | T31: Profundización | U31: N/A | V31: 46 | W31: 46 | X31: 4 semestres | AB31: 0.3 | AC31: =IF(AJ31>TODAY(),"Si","No") -> Si | AD31: 16177 | AE31: 16177 | AF31: 45174 | AG31: 7 | AH31: =EDATE(AF31,(AG31*12)-14) -> 47304 | AI31: =EDATE(AJ31,-12) -> 47366 | AJ31: =EDATE(AF31,AG31*12) -> 47731 | AL31: 45838 | AM31: Res. 10089 de 11-dic-2009 Res. 24382 de 30 de diciembre de 2016 | AN31: 2 | AP31: Res. 7060 de 29-09-2009 (Negada) | AQ31: 34 | AR31: Si | AT31: ='Rutas AAC'!AE36 -> 2
A32: 26 | B32: 23122 | C32: Facultad de Ciencias Contables, Económicas y Administrativas | D32: Turismo | E32: Profesional en Turismo | F32: Ac. 041 de 10-Sep-1999 | G32: 18679 | I32: 45 (2018) | J32: Semestral | N32: Popayán | O32: Mixta | P32: No | Q32: Profesional Universitario | R32: Pregrado | S32: Presencial | T32: N/A | U32: N/A | V32: N/A | W32: 177 | X32: 10 Semestres | AB32: 0.2 | AC32: =IF(AJ32>TODAY(),"Si","No") -> Si | AD32: 11924 | AE32: 11924 | AF32: 45820 | AG32: 7 | AH32: =EDATE(AF32,(AG32*12)-14) -> 47950 | AI32: =EDATE(AF32,(AG32*12)-12) -> 48011 | AJ32: =EDATE(AF32,AG32*12) -> 48377 | AM32: Res. 10587 de 22-nov-2011 (7a) Res. 5396 de 22-nov-2005 | AN32: 3 | AR32: No | AT32: ='Rutas AAC'!AE35 | BE32: 2013
A33: 27 | B33: 52824 | C33: Facultad de Ciencias de la Salud | D33: Maestría en Desarrollo Humano y Salud | E33: Magíster en Desarrollo Humano y Salud | F33: Ac. 084 de 27/11/2019 (CS) | G33: 110739 | I33: 30 (2021) | J33: Por cohorte | N33: Popayán | O33: Diurna | P33: No | Q33: Maestría | R33: Posgrado | S33: Presencial | T33: Investigación | U33: 40 | V33: N/A | W33: 40 | X33: 4 semestres | AB33: 0.5 | AC33: Si | AD33: 19531 | AE33: 19531 | AF33: 44488 | AG33: 7 | AH33: =EDATE(AF33,(AG33*12)-14) -> 46618 | AI33: =EDATE(AF33,(AG33*12)-12) -> 46679 | AJ33: =EDATE(AF33,AG33*12) -> 47045 | AN33: 1 | AR33: No
A34: 28 | B34: 28918 | C34: Facultad de Ciencias de la Salud | D34: Fonoaudiología | E34: Fonoaudiólogo (a) | F34: Res. 051 de 09-Sep-1997 | G34: 5268 | I34: 40 (2022) | J34: Semestral | N34: Popayán | O34: Diurna | P34: No | Q34: Profesional Universitario | R34: Pregrado | S34: Presencial | T34: N/A | U34: N/A | V34: N/A | W34: 174 | X34: 10 Semestres | AA34: Res. 16966 de 27-dic-2019 (MEN) | AB34: No se cuenta con información | AC34: =IF(AJ34>TODAY(),"Si","No") -> Si | AD34: 12529 | AE34: 12529 | AF34: 44742 | AG34: 7 | AH34: =EDATE(AF34,(AG34*12)-14) -> 46873 | AI34: =EDATE(AF34,(AG34*12)-12) -> 46934 | AJ34: =EDATE(AF34,AG34*12) -> 47299 | AM34: Res. 12304 de 08-jul-2021 (Negación) Res. 3454 de 14-mar-2014 (7a) Res. 905 de 28-feb-2007 | AN34: 4 | AR34: Si | AS34: Si | AT34: ='Rutas AAC'!AE55 -> 13 | BE34: 2013
A35: 29 | B35: 29652 | C35: Facultad de Ciencias de la Salud | D35: Especialización en Anestesiología | E35: Especialista en Anestesiología | F35: 1977 | G35: 240 | I35: 3 (2022) | J35: Anual | N35: Popayán | O35: Diurna | P35: No | Q35: Especialización | R35: Posgrado | S35: Presencial | T35: Profundización | U35: N/A | V35: 185 | W35: 185 | X35: 3 Años | AB35: 0.18 | AC35: =IF(AJ35>TODAY(),"Si","No") -> Si | AD35: 15518 | AE35: 15518 | AF35: 44777 | AG35: 7 | AH35: =EDATE(AF35,(AG35*12)-14) -> 46908 | AI35: =EDATE(AF35,(AG35*12)-12) -> 46969 | AJ35: =EDATE(AF35,AG35*12) -> 47334 | AM35: Res. 78 de 03-ene-2014 (7a) Res. 3436 de 28-may-2009 (5a) | AN35: 3 | AQ35: 73 | AR35: Si | AT35: ='[3]Rutas AAC'!AE46 -> #REF!
A36: 30 | B36: 29619 | C36: Facultad de Ciencias de la Salud | D36: Especialización en Pediatría | E36: Especialista en Pediatría | F36: 1975 | G36: 244 | I36: 4 (2022) | J36: Anual | N36: Popayán | O36: Diurna | P36: No | Q36: Especialización | R36: Posgrado | S36: Presencial | T36: Profundización | U36: N/A | V36: 166 | W36: 166 | X36: 3 Años | AB36: 0.15 | AC36: =IF(AJ36>TODAY(),"Si","No") -> Si | AD36: 15502 | AE36: 15502 | AF36: 44777 | AG36: 7 | AH36: =EDATE(AF36,(AG36*12)-14) -> 46908 | AI36: =EDATE(AF36,(AG36*12)-12) -> 46969 | AJ36: =EDATE(AF36,AG36*12) -> 47334 | AM36: Res. 172 de 03-ene-2014 (7a) Res. 2811 de 14-may-2009 (5a) | AN36: 3 | AQ36: 112 | AR36: Si | AT36: ='[3]Rutas AAC'!AE50 -> #REF!
A37: 31 | B37: 29249 | C37: Facultad de Ciencias de la Salud | D37: Especialización en Ginecología y Obstetricia | E37: Especialista en Ginecología y Obstetricia | F37: 1975 | G37: 242 | I37: 3 (2023) | J37: Anual | N37: Popayán | O37: Diurna | P37: No | Q37: Especialización | R37: Posgrado | S37: Presencial | T37: Profundización | U37: N/A | V37: 185 | W37: 185 | X37: 3 Años | AB37: 0.15 | AC37: Si | AD37: 3736 | AE37: 3736 | AF37: 44988 | AG37: 7 | AH37: =EDATE(AF37,(AG37*12)-14) -> 47121 | AI37: =EDATE(AF37,(AG37*12)-12) -> 47180 | AJ37: =EDATE(AF37,AG37*12) -> 47545 | AM37: Res. 4137 de 24-mar-2022 (Negación Rep.) Res. 25080 de 29-dic-2021 (Negación) Res. 477 de 16-ene-2014 (7a) Res. 1592 de 24-mar-2009 (5a) | AN37: 5 | AQ37: 106 | AR37: Si
A38: 32 | B38: 29653 | C38: Facultad de Ciencias de la Salud | D38: Especialización en Cirugía General | E38: Especialista en Cirugía General | F38: 1975 | G38: 241 | I38: 4 (2023) | J38: Anual | N38: Popayán | O38: Diurna | P38: No | Q38: Especialización | R38: Posgrado | S38: Presencial | T38: Profundización | U38: N/A | V38: 194 | W38: 194 | X38: 4 Años | AB38: 0.2 | AC38: =IF(AJ38>TODAY(),"Si","No") -> Si | AD38: 5523 | AE38: 5523 | AF38: 45021 | AG38: 7 | AH38: =EDATE(AF38,(AG38*12)-14) -> 47154 | AI38: =EDATE(AF38,(AG38*12)-12) -> 47213 | AJ38: =EDATE(AF38,AG38*12) -> 47578 | AM38: Res. 5943 de 19-abr-2022 (Negación) Res. 174 de 03-ene-2014 (7a) Res. 2810 de 14-may-2009 (5a) | AN38: 4 | AQ38: 46 | AR38: Si
A39: 33 | B39: 34165 | C39: Facultad de Ciencias de la Salud | D39: Enfermería | E39: Enfermera(o) | F39: Ac. 05 de 23-Jul-1970 CA | G39: 230 | I39: 35 (2023) | J39: Semestral | N39: Popayán | O39: Diurna | P39: No | Q39: Profesional Universitario | R39: Pregrado | S39: Presencial | T39: N/A | U39: N/A | V39: N/A | W39: 160 | X39: 10 Semestres | Y39: AC. 024 del 26-Jun-2013 (CA) AC. 004 del 18-Mar-2014 (CA) AC. 013 del 07-Jun-2017 (CA) | AB39: 0.15 | AC39: =IF(AJ39>TODAY(),"Si","No") -> Si | AD39: 14238 | AE39: 14238 | AF39: 45161 | AG39: 7 | AH39: =EDATE(AF39,(AG39*12)-14) -> 47292 | AI39: =EDATE(AF39,(AG39*12)-12) -> 47353 | AJ39: =EDATE(AF39,AG39*12) -> 47718 | AM39: Res. 10878 de 15-jun-2022 (Negación) Res. 2409 de 10-feb-2016 (7a) Res. 29544 de 29-dic-2017 (Modif) Res. 13927 de 29-ago-2014 (Modif) Res. 10573 de 23-dic-2009 (7a) | AN39: 6 | AR39: Si | AS39: Si | AT39: ='Rutas AAC'!AE48 | AU39: 14238 | AV39: 45161 | AW39: 6 | AX39: =EDATE(AV39,(AW39*12)-14) -> 46927 | AY39: =EDATE(AV39,(AW39*12)-12) -> 46988 | AZ39: =EDATE(AV39,(AW39*12)) -> 47353 | BA39: =EDATE(AV39,((AW39/2)*12)) -> 46257 | BB39: Res. 3572 de 16-jun-2008 (4a) Res. 3422 29-dic-2003 (3a) | BC39: 2 | BE39: 2013
A40: 34 | B40: 38315 | C40: Facultad de Ciencias de la Salud | D40: Especialización en Intervención del Lenguaje Infantil | E40: Especialista en Intervención del Lenguaje Infantil | F40: Res. 069 9/12/2015 | G40: 105964 | I40: 25 (2023) | J40: Anual | N40: Popayán | O40: Diurna | P40: No | Q40: Especialización | R40: Posgrado | S40: Presencial | T40: Profundización | U40: N/A | V40: 24 | W40: 24 | X40: 2 semestres | AB40: 0.25 | AC40: =IF(AJ40>TODAY(),"Si","No") -> Si | AD40: 9994 | AE40: 9994 | AF40: 45099 | AG40: 7 | AH40: =EDATE(AF40,(AG40*12)-14) -> 47230 | AI40: =EDATE(AF40,(AG40*12)-12) -> 47291 | AJ40: =EDATE(AF40,AG40*12) -> 47656 | AM40: Res. 20884 del 03-nov-2016 (7a) | AN40: 2 | AR40: N/A | AT40: ='Rutas AAC'!AE60 | AU40: N/A | AV40: N/A | AW40: N/A | AX40: N/A | AY40: N/A | AZ40: N/A
A41: 35 | B41: 57546 | C41: Facultad de Ciencias de la Salud | D41: Especialización en Medicina Interna | E41: Especialista en Medicina Interna | F41: 1962 | G41: 243 | I41: 4 (2023) | J41: Anual | N41: Popayán | O41: Diurna | P41: No | Q41: Especialización | R41: Posgrado | S41: Presencial | T41: Profundización | U41: N/A | V41: 185 | W41: 185 | X41: 3 años | Y41: AC. 015 del 2014 RES. 076 del 20-Oct-2016 (CA) | AB41: 0.2 | AC41: SI | AD41: 10592 | AE41: 10592 | AF41: 45106 | AG41: 7 | AH41: =EDATE(AF41,(AG41*12)-14) -> 47237 | AI41: =EDATE(AF41,(AG41*12)-12) -> 47298 | AJ41: =EDATE(AF41,AG41*12) -> 47663 | AM41: Res. 010815 de 13-jun-2022 (Negación) Res. 1591 de 24-mar-2009 (5a) | AN41: 2 | AQ41: 110 | AR41: SÍ
A42: 36 | B42: 57547 | C42: Facultad de Ciencias de la Salud | D42: Especialización en Medicina Familiar | E42: Especialista en Medicina Familiar | F42: Res. 025 12/05/1998 | G42: 11546 | I42: 8 (2023) | J42: Anual | N42: Popayán | O42: Diurna | P42: No | Q42: Especialización | R42: Posgrado | S42: Presencial | T42: Profundización | U42: N/A | V42: 147 | W42: 147 | X42: 3 años | Y42: RES. 003 del 15-Ene-2014 (CA) | AB42: No se cuenta con información | AC42: si | AD42: 10593 | AE42: 10593 | AF42: 45106 | AG42: 7 | AH42: =EDATE(AF42,(AG42*12)-14) -> 47237 | AI42: =EDATE(AF42,(AG42*12)-12) -> 47298 | AJ42: =EDATE(AF42,AG42*12) -> 47663 | AM42: Res. 10575 de 23-dic-2009 | AN42: 2 | AP42: Res. 010816 de 13-junio-2022 (Negada) Res. 6939 de 14-may-2015 (Negada) | AR42: No
A43: 37 | B43: 28934 | C43: Facultad de Ciencias de la Salud | D43: Fisioterapia | E43: Fisioterapeuta | F43: Ac. 050 de 09-Sep-1997 CS | G43: 5269 | I43: 40 (2023) | J43: Semestral | N43: Popayán | O43: Diurna | P43: No | Q43: Profesional Universitario | R43: Pregrado | S43: Presencial | T43: N/A | U43: N/A | V43: N/A | W43: 168 | X43: 10 Semestres | Y43: AC. 002 del 11-Feb-2015 (CA) | AB43: 0.2 | AC43: =IF(AJ43>TODAY(),"Si","No") -> Si | AD43: 10687 | AE43: 10687 | AF43: 45112 | AG43: 7 | AH43: =EDATE(AF43,(AG43*12)-14) -> 47243 | AI43: =EDATE(AF43,(AG43*12)-12) -> 47304 | AJ43: =EDATE(AF43,AG43*12) -> 47669 | AM43: Res. 20491 de 27-oct-2020 (7a) Res. 16727 de 05-abr-2013 (7a) Res. 904 de 28-feb-2007 (7a) | AN43: 4 | AR43: Si | AS43: Si | AU43: 10687 | AV43: 45112 | AW43: 6 | AX43: =EDATE(AV43,(AW43*12)-14) -> 46878 | AY43: =EDATE(AV43,(AW43*12)-12) -> 46939 | AZ43: =EDATE(AV43,(AW43*12)) -> 47304 | BA43: =EDATE(AV43,((AW43/2)*12)) -> 46208 | BB43: Res. 6371 de 12-abr-2018 (4a) Res. 3226 de 05-abr-2013 (4a) | BC43: 3 | BF43: *Esta especialización fue aprobada por el C.S. octubre 2015, aún no ha salido la norma dado que desde ese entonces los profesores que lo sustentaron no han aclarado unas dudas sobre el pensum y además el texto que presentaron para el programa procesal, tiene partes que hablan sobre derecho contractual privado. Sec Gral.
A44: 38 | B44: 35650 | C44: Facultad de Ciencias de la Salud | D44: Especialización en Seguridad y Salud en el Trabajo | E44: Especialista en Seguridad y Salud en el Trabajo | F44: Ac. 018 de 18/03/2015 (CS) | G44: 106126 | I44: 35 (2015) | J44: Anual | N44: Popayán | O44: Mixta | P44: No | Q44: Especialización | R44: Posgrado | S44: Presencial | T44: Profundización | U44: N/A | V44: 30 | W44: 30 | X44: 2 semestres | AB44: 0.25 | AC44: =IF(AJ44>TODAY(),"Si","No") -> Si | AD44: 16756 | AE44: 16756 | AF44: 45181 | AG44: 7 | AH44: =EDATE(AF44,(AG44*12)-14) -> 47311 | AI44: =EDATE(AJ44,-12) -> 47373 | AJ44: =EDATE(AF44,AG44*12) -> 47738 | AL44: 45930 | AM44: Res. 2330 del 17 de febrero de 2017 | AR44: N/A | AT44: ='Rutas AAC'!AE61 | AU44: N/A | AV44: N/A | AW44: N/A | AX44: N/A | AY44: N/A | AZ44: N/A
A45: 39 | B45: 17546 | C45: Facultad de Ciencias de la Salud | D45: Enfermería (S.Q) | E45: Enfermera (o) | F45: Acuerdo Superior No. 009 del 6 de marzo de 2024 (CS) | G45: 118436 | I45: 35 (2025) | J45: Semestral | N45: Santander de Quilichao | P45: Si | Q45: Profesional Universitario | R45: Pregrado | S45: Presencial | T45: N/A | U45: N/A | V45: N/A | W45: 160 | X45: 10 semestres | AB45: 0.2 | AC45: Si | AD45: 23423 | AE45: 23423 | AF45: 45989 | AG45: 7 | AH45: =EDATE(AF45,(AG45*12)-14) -> 48119 | AI45: =EDATE(AJ45,-12) -> 48180 | AJ45: =EDATE(AF45,AG45*12) -> 48546 | AM45: Res. 023523 de 28-nov 2025 | AN45: 1 | AO45: Qué es???? | AR45: ???? | AS45: No
A46: 40 | B46: 27477 | C46: Facultad de Ciencias Humanas y Sociales | D46: Licenciatura en Lenguas Modernas con énfasis en Inglés y Francés (Santander de Quilichao) | E46: Licenciado(a) en Lenguas Modernas con énfasis en Inglés y Francés | F46: Res. 3527 de 16-Dic-1985 | G46: 108963 | I46: 30 (2019) | J46: Semestral | N46: Santander de Quilichao | O46: Diurna | P46: Si | Q46: Profesional Universitario | R46: Pregrado | S46: Presencial | T46: N/A | U46: N/A | V46: N/A | W46: 160 | X46: 10 Semestres | AB46: 0.3 | AC46: =IF(AJ46>TODAY(),"Si","No") -> Si | AD46: 15917 | AE46: 15917 | AF46: 43817 | AG46: 7 | AH46: =EDATE(AF46,(AG46*12)-14) -> 45948 | AI46: =EDATE(AF46,(AG46*12)-12) -> 46009 | AJ46: =EDATE(AF46,AG46*12) -> 46374 | AM46: Res. 17189 de 27-dic-2012 (7a) | AN46: 1 | AR46: No | AT46: ='Rutas AAC'!AE73
A47: 41 | B47: 28586 | C47: Facultad de Ciencias Humanas y Sociales | D47: Filosofía | E47: Filósofo | F47: Res. 041 de 15-Ago-2000 | G47: 11967 | I47: 45 (2020) | J47: Anual | N47: Popayán | O47: Diurna | P47: No | Q47: Profesional Universitario | R47: Pregrado | S47: Presencial | T47: N/A | U47: N/A | V47: N/A | W47: 132 | X47: 8 Semestres | Y47: AC. 023 del 30-Nov-2011 (CA) | AB47: 0.3 | AC47: =IF(AJ47>TODAY(),"Si","No") -> Si | AD47: 8267 | AE47: 8267 | AF47: 43978 | AG47: 7 | AH47: =EDATE(AF47,(AG47*12)-14) -> 46108 | AI47: =EDATE(AF47,(AG47*12)-12) -> 46169 | AJ47: =EDATE(AF47,AG47*12) -> 46534 | AM47: Res. 11314 de 26-ago-2013 (7a) Res. 124 de 18-ene-2007 (7a) | AN47: 3 | AR47: Si | AT47: ='Rutas AAC'!AE64 -> 13 | BE47: 2013
A48: 42 | B48: 29520 | C48: Facultad de Ciencias Humanas y Sociales | D48: Geografía del Desarrollo Regional y Ambiental | E48: Geógrafo | F48: Res. 037 de 17-Sep-1996 | G48: 4493 | I48: 30 (2020) | J48: Anual | N48: Popayán | O48: Diurna | P48: No | Q48: Profesional Universitario | R48: Pregrado | S48: Presencial | T48: N/A | U48: N/A | V48: N/A | W48: 170 | X48: 10 Semestres | Y48: AC. 030 del 06-Ago-2013 (CA) | AB48: 0.25 | AC48: =IF(AJ48>TODAY(),"Si","No") -> Si | AD48: 11378 | AE48: 11378 | AF48: 44014 | AG48: 7 | AH48: =EDATE(AF48,(AG48*12)-14) -> 46144 | AI48: =EDATE(AF48,(AG48*12)-12) -> 46205 | AJ48: =EDATE(AF48,AG48*12) -> 46570 | AM48: Res. 12951 de 23-sep-2013 (7a) Res. 2354 de 10-may-2007 (7a) | AN48: 2 | AR48: Si | AT48: ='Rutas AAC'!AE63
A49: 43 | B49: 25190 | C49: Facultad de Ciencias Humanas y Sociales | D49: Doctorado en Antropología | E49: Doctor en Antropología | F49: Ac. S. 009 24/02/2004 Modificado por Acuerdo 055/2011 | G49: 51767 | I49: 10 (2020) | J49: Cuatrimestral | N49: Popayán | O49: Diurna | P49: No | Q49: Doctorado | R49: Posgrado | S49: Presencial | T49: Investigación | U49: 90 | V49: N/A | W49: 120 | X49: 8 semestres | AB49: 0.2 | AC49: =IF(AJ49>TODAY(),"Si","No") -> Si | AD49: 15313 | AE49: 15313 | AF49: 44067 | AG49: 7 | AH49: =EDATE(AF49,(AG49*12)-14) -> 46197 | AI49: =EDATE(AF49,(AG49*12)-12) -> 46258 | AJ49: =EDATE(AF49,AG49*12) -> 46623 | AM49: Res. 4839 de 30-abr-2013 (7a) Res. 5291 de 16-nov-2005 (7a) | AN49: 2 | AQ49: 17 | AR49: Si | AT49: =#REF! -> #REF!
A50: 44 | B50: 37771 | C50: Facultad de Ciencias Humanas y Sociales | D50: Maestría en Antropología | E50: Magíster en Antropología | F50: Ac. S. 032 27/05/2009 | G50: 54866 | I50: 7 (2022) | J50: Por cohorte | N50: Popayán | O50: Diurna | P50: No | Q50: Maestría | R50: Posgrado | S50: Presencial | T50: Investigación | U50: 50 | V50: N/A | W50: 50 | X50: 4 semestres | AB50: 0.5 | AC50: =IF(AJ50>TODAY(),"Si","No") -> Si | AD50: 6493 | AE50: 6493 | AF50: 44676 | AG50: 7 | AH50: =EDATE(AF50,(AG50*12)-14) -> 46808 | AI50: =EDATE(AF50,(AG50*12)-12) -> 46868 | AJ50: =EDATE(AF50,AG50*12) -> 47233 | AM50: Res. 18669 de 17-nov-2015 (7a) Res. 6472 de 16-sep-2009 | AN50: 3 | AR50: No | AT50: ='Rutas AAC'!AE70
A51: 45 | B51: 34729 | C51: Facultad de Ciencias Humanas y Sociales | D51: Maestría en Ciencias Humanas | E51: Magíster en Ciencias Humanas | F51: Ac. S. 045 13/08/2014 | G51: 104296 | I51: 25 (2022) | J51: Anual | N51: Popayán | O51: Diurna | P51: No | Q51: Maestría | R51: Posgrado | S51: Presencial | T51: Investigación | U51: 50 | V51: N/A | W51: 50 | X51: 4 semestres | AB51: 0.2 | AC51: =IF(AJ51>TODAY(),"Si","No") -> Si | AD51: 9951 | AE51: 9951 | AF51: 44715 | AG51: 7 | AH51: =EDATE(AF51,(AG51*12)-14) -> 46846 | AI51: =EDATE(AF51,(AG51*12)-12) -> 46907 | AJ51: =EDATE(AF51,AG51*12) -> 47272 | AM51: Res. 3275 de 13-mar-2015 (7a) | AN51: 1 | AR51: No | AT51: ='Rutas AAC'!AE76
A52: 46 | B52: 36294 | C52: Facultad de Ciencias Humanas y Sociales | D52: Doctorado en Ciencias Humanas | E52: Doctor en Ciencias Humanas | F52: Ac. S. 035 01/06/2015 | G52: 105733 | I52: 12 (2023) | J52: Anual | N52: Popayán | O52: Diurna | P52: No | Q52: Doctorado | R52: Posgrado | S52: Presencial | T52: Investigación | U52: 118 | V52: N/A | W52: 118 | X52: 8 semestres | AB52: 0.2 | AC52: =IF(AJ52>TODAY(),"Si","No") -> Si | AD52: 2585 | AE52: 2585 | AF52: 44978 | AG52: 7 | AH52: =EDATE(AF52,(AG52*12)-14) -> 47108 | AI52: =EDATE(AF52,(AG52*12)-12) -> 47170 | AJ52: =EDATE(AF52,AG52*12) -> 47535 | AM52: Res. 10719 de 20-may-2016 (7a) | AN52: 2 | AR52: No | AT52: ='Rutas AAC'!AE82
A53: 47 | B53: 13121 | C53: Facultad de Ciencias Humanas y Sociales | D53: Licenciatura en Lenguas Modernas con Énfasis en Inglés y Francés | E53: Licenciado(a) en Lenguas Modernas con Énfasis en Ingles y Francés | F53: Res. 3527 de 16-Dic-1985 | G53: 106575 | I53: 45 (2017) | J53: Anual | N53: Popayán | O53: Diurna | P53: No | Q53: Profesional Universitario | R53: Pregrado | S53: Presencial | T53: N/A | U53: N/A | V53: N/A | W53: 162 | X53: 10 Semestres | Y53: AC. 011 del 24-May-2017 (CA) | Z53: AC. 013 del 02-May-2017 (CS) | AA53: Res. 25122 de 17-nov-2017 (MEN) | AB53: 0.3 | AC53: =IF(AJ53>TODAY(),"Si","No") -> Si | AD53: 6405 | AE53: 6405 | AF53: 45036 | AG53: 7 | AH53: =EDATE(AF53,(AG53*12)-14) -> 47169 | AI53: =EDATE(AJ53,-12) -> 47228 | AJ53: =EDATE(AF53,AG53*12) -> 47593 | AL53: 45930 | AM53: Res. 29142 de 26-dic-2017 (7a) Res. 10209 de 22-nov-2010 Res. 2251 17-ago-2000 | AN53: 4 | AR53: Si | AS53: Si | AT53: ='Rutas AAC'!AE65 | AU53: 6405 | AV53: 45036 | AW53: 4 | AX53: =EDATE(AV53,(AW53*12)-14) -> 46073 | AY53: =EDATE(AV53,(AW53*12)-12) -> 46132 | AZ53: =EDATE(AV53,(AW53*12)) -> 46497 | BA53: =EDATE(AV53,((AW53/2)*12)) -> 45767 | BB53: Res. 27245 de 04-dic-2017 (4a) Res. 12458 de 29-dic-2011 (4a) Res. 2251 de17-ago-2000 (7a) | BC53: 4 | BD53: Res.11754 de 9-jun-2017
A54: 48 | B54: 31199 | C54: Facultad de Ciencias Humanas y Sociales | D54: Historia | E54: Historiador | F54: Res. 010 de 20-Mar-2001 | G54: 13062 | I54: 45 (2021) | J54: Anual | N54: Popayán | O54: Diurna | P54: No | Q54: Profesional Universitario | R54: Pregrado | S54: Presencial | T54: N/A | U54: N/A | V54: N/A | W54: 134 | X54: 10 Semestres | Y54: AC.005 del 2015 | AB54: 0.32 | AC54: =IF(AJ54>TODAY(),"Si","No") -> Si | AD54: 6404 | AE54: 6404 | AF54: 45036 | AG54: 7 | AH54: =EDATE(AF54,(AG54*12)-14) -> 47169 | AI54: =EDATE(AF54,(AG54*12)-12) -> 47228 | AJ54: =EDATE(AF54,AG54*12) -> 47593 | AM54: Res. 10290 de 4-jun-2021 (7a) Res. 374 de 14-ene-2014 (7a) Res. 5812 de 02-oct-2007 (7a) | AN54: 4 | AR54: Si | AS54: Si | AT54: ='Rutas AAC'!AE66 | AU54: 6404 | AV54: 45036 | AW54: 4 | AX54: =EDATE(AV54,(AW54*12)-14) -> 46073 | AY54: =EDATE(AV54,(AW54*12)-12) -> 46132 | AZ54: =EDATE(AV54,(AW54*12)) -> 46497 | BA54: =EDATE(AV54,((AW54/2)*12)) -> 45767 | BC54: 1 | BE54: 2013
A55: 49 | B55: 33293 | C55: Facultad de Ciencias Humanas y Sociales | D55: Maestría en Artes Integradas con el Ambiente | E55: Magíster en Artes Integradas con el Ambiente | F55: Res. C.S. 032 28/05/2014 | G55: 104456 | I55: 21 (2023) | J55: Anual | N55: Popayán | O55: Diurna | P55: No | Q55: Maestría | R55: Posgrado | S55: Presencial | T55: Investigación | U55: 44 | V55: N/A | W55: 44 | X55: 4 semestres | AB55: No se cuenta con información | AC55: =IF(AJ55>TODAY(),"Si","No") -> Si | AD55: 9732 | AE55: 9732 | AF55: 45093 | AG55: 7 | AH55: =EDATE(AF55,(AG55*12)-14) -> 47224 | AI55: =EDATE(AF55,(AG55*12)-12) -> 47285 | AJ55: =EDATE(AF55,AG55*12) -> 47650 | AM55: Res. 6190 de 06-may-2015 (7a) | AN55: 2 | AR55: No | AT55: ='[4]Rutas AAC'!AE75 -> #REF!
A56: 50 | B56: 20597 | C56: Facultad de Ciencias Humanas y Sociales | D56: Licenciatura en Literatura y Lengua Castellana | E56: Licenciado(a) en Literatura y Lengua Castellana | F56: Ac. 022 de 24-Mar-1994 (CS) | G56: 106604 | I56: 30 (2018) | J56: Semestral | N56: Popayán | O56: Diurna | P56: No | Q56: Profesional Universitario | R56: Pregrado | S56: Presencial | T56: N/A | U56: N/A | V56: N/A | W56: 168 | X56: 10 Semestres | Y56: AC. 016 del 22-Jun-2017 (CA) | Z56: AC. 014 del 02-May-2017 (CS) | AA56: Res. 28123 del 13-dic-2017 | AB56: 0.2 | AC56: =IF(AJ56>TODAY(),"Si","No") -> Si | AD56: 14237 | AE56: 14237 | AF56: 45161 | AG56: 7 | AH56: =EDATE(AF56,(AG56*12)-14) -> 47292 | AI56: =EDATE(AJ56,-12) -> 47353 | AJ56: =EDATE(AF56,AG56*12) -> 47718 | AL56: 46022 | AM56: Res 10449 de 26-nov-2010 (7a) Res 28123 de 13-dic-2017 (Modif.) Res. 2116 de 12-sep-2001 (Ac. Previa) | AN56: 3 | AR56: Si | AS56: Si | AT56: ='Rutas AAC'!AE68 | AU56: 14237 | AV56: 45161 | AW56: 4 | AX56: =EDATE(AV56,(AW56*12)-14) -> 46196 | AY56: =EDATE(AV56,(AW56*12)-12) -> 46257 | AZ56: =EDATE(AV56,(AW56*12)) -> 46622 | BA56: =EDATE(AV56,((AW56/2)*12)) -> 45892 | BB56: Res. 11243 de 02 de junio 2017 (4a) | BC56: 1
A57: 51 | B57: 1111 | C57: Facultad de Ciencias Humanas y Sociales | D57: Licenciatura en Etnoeducación y Ciencias Sociales | E57: Licenciado (a) en Etnoeducación y Ciencias Sociales | F57: Ac 017 de 10-marzo-1994 (CS) | G57: 15440 | I57: 40 (en cada municipio)(2025) | J57: Anual | N57: Popayán, Santander de Quilichao y Guapi | Q57: Profesional Universitario | R57: Pregrado | S57: Presencial | W57: 152 | X57: 10 semestres | AC57: Si | AD57: 24484 9085 | AE57: 24484 | AF57: 46008 | AG57: 7 | AH57: =EDATE(AF57,(AG57*12)-14) -> 48138 | AI57: =EDATE(AJ57,-12) -> 48199 | AJ57: =EDATE(AF57,AG57*12) -> 48565 | AM57: Res 24484 de 17-dic-2025 (7a) Res. 9085 modifica resolución 24484 en nombre | AN57: 1
A58: 52 | B58: 38555 | C58: Facultad de Ciencias Humanas y Sociales | D58: Antropología | E58: Antropólogo (a) | F58: Res. 1351 de 07-Jun-1988 | G58: 232 | I58: 45 (2023) | J58: Anual | N58: Popayán | O58: Diurna | P58: No | Q58: Profesional Universitario | R58: Pregrado | S58: Presencial | T58: N/A | U58: N/A | V58: N/A | W58: 160 | X58: 10 Semestres | AB58: 0.25 | AC58: =IF(AJ58>TODAY(),"Si","No") -> Si | AD58: 10048 | AE58: 10048 | AF58: 45100 | AG58: 8 | AH58: =EDATE(AF58,(AG58*12)-14) -> 47596 | AI58: =EDATE(AF58,(AG58*12)-12) -> 47657 | AJ58: =EDATE(AF58,AG58*12) -> 48022 | AM58: Res. 24750 de 29-dic-2022 (7a) Res. 9839 de 18-may-2016 (7a) Res. 9879 de 31-jul-2013 (7a) Res.7557 de 31-ago-2010 (7a) Res.1582 de 20-mar-2009 (6a) Res.9589 de 16-dic-2008 (7a) Res.3163 de 11-dic-2003 (3a) | AN58: 8 | AR58: Si | AS58: Si | AT58: ='Rutas AAC'!AE62 | AU58: 10048 | AV58: 45100 | AW58: 8 | AX58: =EDATE(AV58,(AW58*12)-14) -> 47596 | AY58: =EDATE(AV58,(AW58*12)-12) -> 47657 | AZ58: =EDATE(AV58,(AW58*12)) -> 48022 | BA58: =EDATE(AV58,((AW58/2)*12)) -> 46561 | BB58: Res. 19159 de 30-sep-2016 (6a) Res. 1582 de 20-mar-2009 (6a) Res. 3163 de 11-dic-2003 (3a) | BC58: 4
A59: 53 | B59: 222 | C59: Facultad de Ciencias Naturales, Exactas y de la Educación | D59: Especialización en Educación Comunitaria | E59: Especialista en Educación Comunitaria | F59: Ac. 044 de 10-sep-1999 | G59: 12098 | I59: 25 (2026) | J59: Cada 2 años | N59: Popayán | O59: Diurna | P59: No | Q59: Especialización | R59: Posgrado | S59: Presencial | T59: Profundización | W59: 25 | X59: 2 semestres | AB59: 0.3 | AC59: SI | AD59: 9133 | AE59: 9133 | AF59: 46113 | AG59: 7 | AH59: =EDATE(AF59,(AG59*12)-14) -> 48245 | AI59: =EDATE(AF59,(AG59*12)-12) -> 48305 | AJ59: =EDATE(AF59,AG59*12) -> 48670 | AM59: Res. 9133 de 01-abril-2026 | AN59: 1
A60: 54 | B60: 22431 | C60: Facultad de Ciencias Naturales, Exactas y de la Educación | D60: Ingeniería Física | E60: Ingeniero (a) Físico (a) | F60: Res. 024 de 20-Jun-1995 | G60: 3636 | I60: 50 (2025) | J60: Semestral | N60: Popayán | O60: Diurna | P60: No | Q60: Profesional Universitario | R60: Pregrado | S60: Presencial | T60: N/A | U60: N/A | V60: N/A | W60: 165 | X60: 10 Semestres | Y60: AC. 013 del 2014 AC. 010 del 13-May-2015 (CA) | AA60: Res. 005365 del 24-05-2019 | AB60: 0.3 | AC60: =IF(AJ60>TODAY(),"Si","No") -> Si | AD60: 23384 | AE60: 23384 | AF60: 45989 | AG60: 7 | AH60: =EDATE(AF60,(AG60*12)-14) -> 48119 | AI60: =EDATE(AF60,(AG60*12)-12) -> 48180 | AJ60: =EDATE(AF60,AG60*12) -> 48546 | AM60: Res. 10288 de 27-jun-2018 (7a) Res. 6518 de 09-ago-2011 Res. 19844 de 18-oct-2016 (Mod) Res. 2140 de 26-jul-2004 Res. 23384 de 28-nov-2025 | AN60: 5 | AR60: Si | AT60: ='Rutas AAC'!AE88 | AU60: 8333 | AV60: 43686 | AW60: 4 | AX60: =EDATE(AV60,(AW60*12)-14) -> 44721 | AY60: =EDATE(AV60,(AW60*12)-12) -> 44782 | AZ60: =EDATE(AV60,(AW60*12)) -> 45147 | BA60: =EDATE(AV60,((AW60/2)*12)) -> 44417 | BC60: 1
A61: 55 | B61: 32335 | C61: Facultad de Ciencias Naturales, Exactas y de la Educación | D61: Maestría en Educación Popular | E61: Magíster en Educación Popular | F61: Ac. S. 012 19/02/2014 | G61: 103476 | I61: 30 (2020) | J61: Por cohorte | N61: Popayán | O61: Diurna | P61: No | Q61: Maestría | R61: Posgrado | S61: Presencial | T61: Investigación | U61: 45 | V61: 0 | W61: 45 | X61: 4 semestres | AB61: 0.3 | AC61: =IF(AJ61>TODAY(),"Si","No") -> Si | AD61: 22115 | AE61: 22115 | AF61: 44160 | AG61: 7 | AH61: =EDATE(AF61,(AG61*12)-14) -> 46290 | AI61: =EDATE(AF61,(AG61*12)-12) -> 46351 | AJ61: =EDATE(AF61,AG61*12) -> 46716 | AM61: Res. 11043 de 14-jul-2014 (7a) | AN61: 2 | AR61: No | AT61: ='Rutas AAC'!AE101 | AX61: =EDATE(AV61,(AW61*12)-14) -> #NUM! | AY61: =EDATE(AV61,(AW61*12)-12) -> #NUM! | AZ61: =EDATE(AV61,(AW61*12)) -> 0 | BA61: =EDATE(AV61,((AW61/2)*12)) -> 0
A62: 56 | B62: 32361 | C62: Facultad de Ciencias Naturales, Exactas y de la Educación | D62: Maestría en Educación Popular (Santander de Quilichao) | E62: Magíster en Educación Popular | F62: Ac. S. 012 19/02/2014 | G62: 103504 | I62: 30 (2021) | J62: Por cohorte | N62: Santander de Quilichao | O62: Diurna | P62: Si | Q62: Maestría | R62: Posgrado | S62: Presencial | T62: Investigación | U62: 45 | V62: 0 | W62: 45 | X62: 4 semestres | AB62: 0.3 | AC62: =IF(AJ62>TODAY(),"Si","No") -> Si | AD62: 2559 | AE62: 2559 | AF62: 44246 | AG62: 7 | AH62: =EDATE(AF62,(AG62*12)-14) -> 46375 | AI62: =EDATE(AF62,(AG62*12)-12) -> 46437 | AJ62: =EDATE(AF62,AG62*12) -> 46802 | AM62: Res. 162 de 04-ene-2021 (Modificada por Res. 2559) Res. 11276 de 16-jul-2014 (7a) | AN62: 1 | AR62: No | AT62: ='Rutas AAC'!AE102 | AX62: =EDATE(AV62,(AW62*12)-14) -> #NUM! | AY62: =EDATE(AV62,(AW62*12)-12) -> #NUM! | AZ62: =EDATE(AV62,(AW62*12)) -> 0 | BA62: =EDATE(AV62,((AW62/2)*12)) -> 0
A63: 57 | B63: 33976 | C63: Facultad de Ciencias Naturales, Exactas y de la Educación | D63: Maestría en Educación (MI) | E63: Magíster en Educación | F63: Res. 048 2/08/2005 | G63: 53791 | I63: 30 (2021) | J63: Por cohorte | N63: Popayán | O63: Diurna | P63: No | Q63: Maestría | R63: Posgrado | S63: Presencial | T63: Investigación | U63: 48 | V63: N/A | W63: 48 | X63: 4 Semestres | Y63: RES. VRA-387 del 30-Jun-2011 (VA) RES. 076 del 27-Jun-2012 (CA) | AB63: 0.1 | AC63: =IF(AJ63>TODAY(),"Si","No") -> Si | AD63: 5619 | AE63: 5619 | AF63: 44285 | AG63: 7 | AH63: =EDATE(AF63,(AG63*12)-14) -> 46417 | AI63: =EDATE(AF63,(AG63*12)-12) -> 46476 | AJ63: =EDATE(AF63,AG63*12) -> 46842 | AM63: Res. 20288 de 28-nov-2014 (7a) Res. 3980 de 27-jun-2008 | AN63: 3 | AQ63: 63 | AR63: Si | AT63: ='Rutas AAC'!AE97 | AX63: =EDATE(AV63,(AW63*12)-14) -> #NUM! | AY63: =EDATE(AV63,(AW63*12)-12) -> #NUM! | AZ63: =EDATE(AV63,(AW63*12)) -> 0 | BA63: =EDATE(AV63,((AW63/2)*12)) -> 0
A64: 58 | B64: 23836 | C64: Facultad de Ciencias Naturales, Exactas y de la Educación | D64: Biología | E64: Biólogo | F64: Res. 073 de 18-Oct-1994 (CS) | G64: 3048 | I64: 40 (2021) | J64: Semestral | N64: Popayán | O64: Diurna | P64: No | Q64: Profesional Universitario | R64: Pregrado | S64: Presencial | T64: N/A | U64: N/A | V64: N/A | W64: 159 | X64: 10 Semestres | Y64: AC 004 del 20-feb-2018 | AA64: Res. 013914 15-ago-2018 | AB64: 0.2 | AC64: =IF(AJ64>TODAY(),"Si","No") -> Si | AD64: 7456 | AE64: 7456 | AF64: 44316 | AG64: 7 | AH64: =EDATE(AF64,(AG64*12)-14) -> 46446 | AI64: =EDATE(AF64,(AG64*12)-12) -> 46507 | AJ64: =EDATE(AF64,AG64*12) -> 46873 | AM64: Res. 8006 de 17-may-2018 (Ren.Ofic) Res 10981 de 11-sep-12 (7a) Res. 778 de 09-mar-2005 | AN64: 3 | AO64: Si | AR64: Si | AS64: Si | AT64: ='Rutas AAC'!AE87 -> 14 | AU64: 7456 | AV64: 44316 | AW64: 6 | AX64: =EDATE(AV64,(AW64*12)-14) -> 46081 | AY64: =EDATE(AV64,(AW64*12)-12) -> 46142 | AZ64: =EDATE(AV64,(AW64*12)) -> 46507 | BA64: =EDATE(AV64,((AW64/2)*12)) -> 45412 | BB64: Res. 6830 de 12-may-2014 (6a) | BC64: 2 | BE64: 2013
A65: 59 | B65: 32826 | C65: Facultad de Ciencias Naturales, Exactas y de la Educación | D65: Maestría en Ingeniería Física | E65: Magister en Ingeniería Física | F65: Res. 083 8/11/2005 | G65: 53504 | I65: 16 (2014) | J65: Anual | N65: Popayán | O65: Diurna | P65: No | Q65: Maestría | R65: Posgrado | S65: Presencial | T65: Investigación | U65: 48 | V65: N/A | W65: 48 | X65: 4 Semestres | Y65: AC. 020 del 2014 | AB65: 0.4 | AC65: =IF(AJ65>TODAY(),"Si","No") -> Si | AD65: 17049 | AE65: 17049 | AF65: 44449 | AG65: 7 | AH65: =EDATE(AF65,(AG65*12)-14) -> 46578 | AI65: =EDATE(AF65,(AG65*12)-12) -> 46640 | AJ65: =EDATE(AF65,AG65*12) -> 47006 | AM65: Res. 8113 de 30-may-2014 (7a) Res. 1116 de 29-feb-2008 | AN65: 3 | AR65: No | AT65: ='Rutas AAC'!AE96
A66: 60 | B66: 35040 | C66: Facultad de Ciencias Naturales, Exactas y de la Educación | D66: Maestría en Biología | E66: Magíster en Biología | F66: Ac. S. 072 17/12/2014 | G66: 104621 | I66: 20 (2021) | J66: Anual | N66: Popayán | O66: Diurna | P66: No | Q66: Maestría | R66: Posgrado | S66: Presencial | T66: Investigación | U66: 50 | V66: N/A | W66: 50 | X66: 4 semestres | AB66: 0.4 | AC66: =IF(AJ66>TODAY(),"Si","No") -> Si | AD66: 17637 | AE66: 17637 | AF66: 44455 | AG66: 7 | AH66: =EDATE(AF66,(AG66*12)-14) -> 46584 | AI66: =EDATE(AF66,(AG66*12)-12) -> 46646 | AJ66: =EDATE(AF66,AG66*12) -> 47012 | AM66: Res. 8328 de 9-jun-2015 (7a) | AR66: No | AT66: ='Rutas AAC'!AE109
A67: 61 | B67: 34856 | C67: Facultad de Ciencias Naturales, Exactas y de la Educación | D67: Maestría en Educación, Estudios del Cuerpo y la Motricidad | E67: Magíster en Educación, Estudios del Cuerpo y la Motricidad | F67: Ac. S. 061 3/12/2014 | G67: 104303 | I67: 30 (2021) | J67: Por cohorte | N67: Popayán | O67: Mixta | P67: No | Q67: Maestría | R67: Posgrado | S67: Presencial | T67: Profundización | U67: N/A | V67: 44 | W67: 44 | X67: 4 semestres | AB67: No se cuenta con información | AC67: =IF(AJ67>TODAY(),"Si","No") -> Si | AD67: 23702 | AE67: 23702 | AF67: 44540 | AG67: 7 | AH67: =EDATE(AF67,(AG67*12)-14) -> 46670 | AI67: =EDATE(AF67,(AG67*12)-12) -> 46731 | AJ67: =EDATE(AF67,AG67*12) -> 47097 | AM67: Res. 3274 del 13-mar-2015 (7a) | AN67: 2 | AR67: No | AT67: ='Rutas AAC'!AE104 | AX67: =EDATE(AV67,(AW67*12)-14) -> #NUM! | AY67: =EDATE(AV67,(AW67*12)-12) -> #NUM! | AZ67: =EDATE(AV67,(AW67*12)) -> 0 | BA67: =EDATE(AV67,((AW67/2)*12)) -> 0
A68: 62 | B68: 3333 | C68: Facultad de Ciencias Naturales, Exactas y de la Educación | D68: Maestría en Educación Superior | E68: Magíster en Educación Superior con énfasis en Docencia Universitaria o Dirección Universitaria | F68: Ac. 026 del 09-jun-21 (CS) | G68: 110826 | I68: 35 (2021) | J68: Por cohorte | N68: Popayán | O68: Diurna | P68: No | Q68: Maestría | R68: Posgrado | S68: Presencial-Virtual | T68: Investigación | U68: 49 | V68: N/A | W68: 49 | X68: 4 Semestres | AB68: 0.4 | AC68: Si | AD68: 24184 | AE68: 24184 | AF68: 44553 | AG68: 7 | AH68: =EDATE(AF68,(AG68*12)-14) -> 46683 | AI68: =EDATE(AF68,(AG68*12)-12) -> 46744 | AJ68: =EDATE(AF68,AG68*12) -> 47110 | AN68: 1 | AR68: No
A69: 63 | B69: 13127 | C69: Facultad de Ciencias Naturales, Exactas y de la Educación | D69: Licenciatura en Educación Física, Recreación y Deportes | E69: Licenciado(a) en Educación Física, Recreación y Deportes | F69: Res. 013 de 23-Feb-1999 y Res. 029 de 24-Jul-1995 y Res. MODIF. 023 14-Abr-2009 | G69: 106545 | I69: 40 (2022) | J69: Semestral | N69: Popayán | O69: Diurna | P69: No | Q69: Profesional Universitario | R69: Pregrado | S69: Presencial | T69: N/A | U69: N/A | V69: N/A | W69: 176 | X69: 10 Semestres | Z69: AC. 062 del 29-Nov-2016 (CS) | AA69: Res. 22114 de 24-oct-2017 (MEN) | AB69: 0.25 | AC69: =IF(AJ69>TODAY(),"Si","No") -> Si | AD69: 2311 | AE69: 2311 | AF69: 44621 | AG69: 7 | AH69: =EDATE(AF69,(AG69*12)-14) -> 46753 | AI69: =EDATE(AF69,(AG69*12)-12) -> 46813 | AJ69: =EDATE(AF69,AG69*12) -> 47178 | AM69: Res. 22114 de 24-oct-2017 (7a) Res. 4965 de 16-jun-2011 (Mod) Res. 7757 de 6-sep-2010 Res. 1761 de 28-jun-2000 (AC) | AN69: 4 | AR69: Si | AS69: Si | AT69: ='Rutas AAC'!AE92 | AU69: 2311 | AV69: 44621 | AW69: 4 | AX69: =EDATE(AV69,(AW69*12)-14) -> 45658 | AY69: =EDATE(AV69,(AW69*12)-12) -> 45717 | AZ69: =EDATE(AV69,(AW69*12)) -> 46082 | BA69: =EDATE(AV69,((AW69/2)*12)) -> 45352 | BB69: Res. 27242 de 04-dic-2017 (4a) | BC69: 2 | BD69: Res.11440 de 08-06-17 | BF69: Recurso de Reposición a Res.11440 de 08-06-17
A70: 64 | B70: 13128 | C70: Facultad de Ciencias Naturales, Exactas y de la Educación | D70: Licenciatura en Educación Artística | E70: Licenciado(a) en Educación Artística | F70: Ac. 029 de 24-Jul-1995 Res. 063 de1996 (CS) | G70: 106651 | I70: 40 (2022) | J70: Semestral | N70: Popayán | O70: Diurna | P70: No | Q70: Profesional Universitario | R70: Pregrado | S70: Presencial | T70: N/A | U70: N/A | V70: N/A | W70: 137 | X70: 10 Semestres | Y70: RES. 109 del 09-Dic-2015 (CA) | AA70: Res.15277 de 26-jul-2016 (MEN) | AB70: 0.2 | AC70: =IF(AJ70>TODAY(),"Si","No") -> Si | AD70: 2312 | AE70: 2312 | AF70: 44621 | AG70: 7 | AH70: =EDATE(AF70,(AG70*12)-14) -> 46753 | AI70: =EDATE(AF70,(AG70*12)-12) -> 46813 | AJ70: =EDATE(AF70,AG70*12) -> 47178 | AM70: Res. 29143 de 26-dic-2017 (7a) Res. 10448 de 26-nov-2010 Res. 3304 de 7-dic-2000 | AN70: 4 | AR70: Si | AS70: Si | AT70: ='Rutas AAC'!AE94 -> 13 | AU70: 2312 | AV70: 44621 | AW70: 4 | AX70: =EDATE(AV70,(AW70*12)-14) -> 45658 | AY70: =EDATE(AV70,(AW70*12)-12) -> 45717 | AZ70: =EDATE(AV70,(AW70*12)) -> 46082 | BA70: =EDATE(AV70,((AW70/2)*12)) -> 45352 | BC70: 1 | BD70: Res.11784 de 09-06-17 | BE70: 2013 | BF70: Recurso de Reposición a Res.11784 de 09-06-17
A71: 65 | B71: 20573 | C71: Facultad de Ciencias Naturales, Exactas y de la Educación | D71: Licenciatura en Ciencias Naturales y Educación Ambiental | E71: Licenciado(a) en Ciencias Naturales y Educación Ambiental | F71: Ac. 029 de 24-Jul-1995 (CS) | G71: 106574 | I71: 40 (2023) | J71: Semestral | N71: Popayán | O71: Diurna | P71: No | Q71: Profesional Universitario | R71: Pregrado | S71: Presencial | T71: N/A | U71: N/A | V71: N/A | W71: 160 | X71: 10 Semestres | Y71: AC. 009 del 10-May-2017 (CA) | Z71: AC. 012 del 02-May-2017 (CS) | AA71: Res. 25119 de 17-nov-2017 MEN | AB71: No se cuenta con información | AC71: =IF(AJ71>TODAY(),"Si","No") -> Si | AD71: 1109 | AE71: 1109 | AF71: 44960 | AG71: 7 | AH71: =EDATE(AF71,(AG71*12)-14) -> 47090 | AI71: =EDATE(AF71,(AG71*12)-12) -> 47152 | AJ71: =EDATE(AF71,AG71*12) -> 47517 | AL71: 46022 | AM71: Res. 6928 de 24-abr-2018 (7a) Res.1261 de 21-feb-2011 (7a) Res. 25119 de 17-nov-2017 (Mod) Res. 2251 de 17-ago-2000 (Ac.Previa) | AN71: 5 | AR71: Si | AS71: Si | AT71: ='Rutas AAC'!AE89 | AU71: 1109 | AV71: 44960 | AW71: 6 | AX71: =EDATE(AV71,(AW71*12)-14) -> 46724 | AY71: =EDATE(AV71,(AW71*12)-12) -> 46786 | AZ71: =EDATE(AV71,(AW71*12)) -> 47152 | BA71: =EDATE(AV71,((AW71/2)*12)) -> 46056 | BB71: Res. 10704 de 25-may-2017 (4a) | BC71: 2
A72: 66 | B72: 42719 | C72: Facultad de Ciencias Naturales, Exactas y de la Educación | D72: Licenciatura en Educación Básica Primaria | E72: Licenciado(a) en Educación Básica Primaria | F72: Res. 029 de 24-Jul-1995 | G72: 106794 | I72: 40 (2023) | J72: Semestral | N72: Popayán | O72: Diurna | P72: No | Q72: Profesional Universitario | R72: Pregrado | S72: Presencial | T72: N/A | U72: N/A | V72: N/A | W72: 159 | X72: 10 Semestres | Y72: AC. 014 o 024 del 2014 AC. 008 del 05-Abr-2017 (CA) | Z72: AC. 011 del 02-May-2017 (CS) AC. 048 del 07-Nov-2017 (CS) | AA72: Res. 03266 de 26-feb-2018 (MEN) | AB72: No se cuenta con información | AC72: =IF(AJ72>TODAY(),"Si","No") -> Si | AD72: 1110 | AE72: 1110 | AF72: 44960 | AG72: 7 | AH72: =EDATE(AF72,(AG72*12)-14) -> 47090 | AI72: =EDATE(AF72,(AG72*12)-12) -> 47152 | AJ72: =EDATE(AF72,AG72*12) -> 47517 | AL72: 46022 | AM72: Res. 3266 de 26-feb-2018 (7a) Res 745 de 8-feb-2011 (7a) (Mod) Res. 2251 de 17-ago-2000 | AN72: 4 | AR72: Si | AS72: Si | AT72: ='Rutas AAC'!AE93 | AU72: 1110 | AV72: 44960 | AW72: 6 | AX72: =EDATE(AV72,(AW72*12)-14) -> 46724 | AY72: =EDATE(AV72,(AW72*12)-12) -> 46786 | AZ72: =EDATE(AV72,(AW72*12)) -> 47152 | BA72: =EDATE(AV72,((AW72/2)*12)) -> 46056 | BB72: Res. 11249 de 2-jun-2017 (4a) | BC72: 2
A73: 67 | B73: 38364 | C73: Facultad de Ciencias Naturales, Exactas y de la Educación | D73: Maestría en Deporte y Actividad Física | E73: Magíster en Deporte y Actividad Física | F73: Ac. S.066 9/12/2015 | G73: 105533 | I73: 30 (2023) | J73: Por cohorte | N73: Popayán | O73: Diurna | P73: No | Q73: Maestría | R73: Posgrado | S73: Presencial | T73: Profundización | U73: N/A | V73: 50 | W73: 50 | X73: 4 semestres | AB73: 0.3 | AC73: =IF(AJ73>TODAY(),"Si","No") -> Si | AD73: 2571 | AE73: 2571 | AF73: 44978 | AG73: 7 | AH73: =EDATE(AF73,(AG73*12)-14) -> 47108 | AI73: =EDATE(AF73,(AG73*12)-12) -> 47170 | AJ73: =EDATE(AF73,AG73*12) -> 47535 | AM73: Res. 8419 de 28-abr-2016 (7a) | AN73: 2 | AR73: No | AT73: ='Rutas AAC'!AE118
A74: 68 | B74: 38410 | C74: Facultad de Ciencias Naturales, Exactas y de la Educación | D74: Doctorado en Ciencias Matemáticas | E74: Doctor en Ciencias Matemáticas | F74: Res. 26 12/04/2016 y Ac. S. 079 16/12/2015 | G74: 105772 | I74: 5 (2023) | J74: Semestral | N74: Popayán | P74: No | Q74: Doctorado | R74: Posgrado | S74: Presencial | T74: Investigación | U74: 115 | V74: N/A | W74: 115 | X74: 8 semestres | AB74: 0.25 | AC74: =IF(AJ74>TODAY(),"Si","No") -> Si | AD74: 6543 | AE74: 6543 | AF74: 45037 | AG74: 7 | AH74: =EDATE(AF74,(AG74*12)-14) -> 47170 | AI74: =EDATE(AF74,(AG74*12)-12) -> 47229 | AJ74: =EDATE(AF74,AG74*12) -> 47594 | AM74: Res. 16586 de 12-ago-2016 (7a) | AN74: 2 | AR74: No | AT74: ='Rutas AAC'!AE121
A75: 69 | B75: 27432 | C75: Facultad de Ciencias Naturales, Exactas y de la Educación | D75: Matemáticas | E75: Matemático | F75: Res. 015 de 09-Abr-1996 | G75: 4010 | I75: 35 (2023) | J75: Semestral | N75: Popayán | O75: Diurna | P75: No | Q75: Profesional Universitario | R75: Pregrado | S75: Presencial | T75: N/A | U75: N/A | V75: N/A | W75: 164 | X75: 10 Semestres | Y75: RES. 100 del 02-Ago-2012 (CA) | AB75: No se cuenta con información | AC75: =IF(AJ75>TODAY(),"Si","No") -> Si | AD75: 7568 | AE75: 7568 | AF75: 45054 | AG75: 7 | AH75: =EDATE(AF75,(AG75*12)-14) -> 47185 | AI75: =EDATE(AF75,(AG75*12)-12) -> 47246 | AJ75: =EDATE(AF75,AG75*12) -> 47611 | AL75: 45930 | AM75: Res. 8938 de 31-may-2018 (RenOfic) Res. 7440 de 14-jun-2013 (7a) Res. 5210 de 05-sep-2006 | AN75: 4 | AO75: Si | AP75: Res. 3195 de 4-abr-2013 (Negada) | AR75: Si | AS75: Si | AT75: ='Rutas AAC'!AE90 | AU75: 7568 | AV75: 45054 | AW75: 4 | AX75: =EDATE(AV75,(AW75*12)-14) -> 46089 | AY75: =EDATE(AV75,(AW75*12)-12) -> 46150 | AZ75: =EDATE(AV75,(AW75*12)) -> 46515 | BA75: =EDATE(AV75,((AW75/2)*12)) -> 45785 | BB75: Res. 16737 de 24-ago-2017 (4a) | BC75: 1
A76: 70 | B76: 25383 | C76: Facultad de Ciencias Naturales, Exactas y de la Educación | D76: Química | E76: Químico | F76: Ac. 152 de 28-Oct-1992 (CS) | G76: 2130 | I76: 40 (2023) | J76: Semestral | N76: Popayán | O76: Diurna | P76: No | Q76: Profesional Universitario | R76: Pregrado | S76: Presencial | T76: N/A | U76: N/A | V76: N/A | W76: 160 | X76: 10 Semestres | AA76: Res. 013915 del 15-ago-2018 | AB76: 0.15 | AC76: =IF(AJ76>TODAY(),"Si","No") -> Si | AD76: 8922 | AE76: 8922 | AF76: 45075 | AG76: 7 | AH76: =EDATE(AF76,(AG76*12)-14) -> 47206 | AI76: =EDATE(AF76,(AG76*12)-12) -> 47267 | AJ76: =EDATE(AF76,AG76*12) -> 47632 | AL76: 45930 | AM76: Res.7895 de 11-may-18 (Ren.Ofic) Res. 7441 de 05-jul-12 (7a) Res. 3835 de 05-sep-2005 | AN76: 4 | AO76: Si | AR76: Si | AS76: Si | AT76: ='Rutas AAC'!AE86 | AU76: 8922 | AV76: 45075 | AW76: 6 | AX76: =EDATE(AV76,(AW76*12)-14) -> 46841 | AY76: =EDATE(AV76,(AW76*12)-12) -> 46902 | AZ76: =EDATE(AV76,(AW76*12)) -> 47267 | BA76: =EDATE(AV76,((AW76/2)*12)) -> 46171 | BB76: Res. 17610 de 01-sep-2017 (4a) | BC76: 2
A77: 71 | B77: 38359 | C77: Facultad de Ciencias Naturales, Exactas y de la Educación | D77: Especialización en Educación y Discapacidad | E77: Especialista en Educación y Discapacidad | F77: Ac S. 067 9/12/2015 | G77: 105532 | I77: 35 (2023) | J77: Por cohorte | N77: Popayán | O77: Diurna | P77: No | Q77: Especialización | R77: Posgrado | S77: Presencial | T77: Profundización | U77: N/A | V77: 28 | W77: 28 | X77: 2 semestres | AB77: 0.15 | AC77: =IF(AJ77>TODAY(),"Si","No") -> Si | AD77: 9286 | AE77: 9286 | AF77: 45083 | AG77: 7 | AH77: =EDATE(AF77,(AG77*12)-14) -> 47214 | AI77: =EDATE(AF77,(AG77*12)-12) -> 47275 | AJ77: =EDATE(AF77,AG77*12) -> 47640 | AM77: Res. 8418 de 28-abr-2016 (7a) | AN77: 2 | AR77: N/A | AT77: ='Rutas AAC'!AE117 | AU77: N/A | AV77: N/A | AW77: N/A | AX77: =EDATE(AV77,(AW77*12)-14) -> #VALUE! | AY77: =EDATE(AV77,(AW77*12)-12) -> #VALUE! | AZ77: =EDATE(AV77,(AW77*12)) -> #VALUE! | BA77: =EDATE(AV77,((AW77/2)*12)) -> #VALUE!
A78: 72 | B78: 19877 | C78: Facultad de Ciencias Naturales, Exactas y de la Educación | D78: Maestría en Ciencias Matemáticas | E78: Magíster en Ciencias Matemáticas | F78: Res. 081 18/11/2009 | G78: 90576 | I78: 5 (2016) | J78: Anual | N78: Popayán | O78: Diurna | P78: No | Q78: Maestría | R78: Posgrado | S78: Presencial | T78: Profundización | U78: N/A | V78: 50 | W78: 50 | X78: 4 semestres | AB78: 0.25 | AC78: =IF(AJ78>TODAY(),"Si","No") -> Si | AD78: 14447 | AE78: 14447 | AF78: 45163 | AG78: 7 | AH78: =EDATE(AF78,(AG78*12)-14) -> 47294 | AI78: =EDATE(AF78,(AG78*12)-12) -> 47355 | AJ78: =EDATE(AF78,AG78*12) -> 47720 | AM78: Res. 5119 de 24-jun-2010 Res. 21940 de 22 de Nov 2016 | AN78: 2 | AR78: No | AT78: ='Rutas AAC'!AE99
A79: 73 | B79: 13136 | C79: Facultad de Ciencias Naturales, Exactas y de la Educación | D79: Doctorado en Ciencias de la Educación | E79: Doctor en Ciencias de la Educación | F79: Res.2333 de 03-jul-1998 (MEN) | G79: 7170 | I79: 15 (2018) | J79: Anual | N79: Popayán | O79: Diurna | P79: No | Q79: Doctorado | R79: Posgrado | S79: Presencial | T79: Investigación | U79: 80 | V79: N/A | W79: =U79 -> 80 | X79: 10 Semestres | AB79: No se cuenta con información | AC79: =IF(AJ79>TODAY(),"Si","No") -> Si | AD79: 16903 | AE79: 16903 | AF79: 45189 | AG79: 7 | AH79: =EDATE(AF79,(AG79*12)-14) -> 47319 | AI79: =EDATE(AF79,(AG79*12)-12) -> 47381 | AJ79: =EDATE(AF79,AG79*12) -> 47746 | AL79: 46022 | AM79: Res. 1566 de 01-feb-2011 (7a) Res. 1591 de 12-jun-2000 (7a) | AN79: 3 | AS79: Si | AT79: ='Rutas AAC'!AE125 | AU79: 16903 | AV79: 45189 | AW79: 6 | AX79: =EDATE(AV79,(AW79*12)-14) -> 46954 | AY79: =EDATE(AV79,(AW79*12)-12) -> 47016 | AZ79: =EDATE(AV79,(AW79*12)) -> 47381 | BA79: =EDATE(AV79,((AW79/2)*12)) -> 46285
A80: 74 | B80: 5330 | C80: Facultad de Ciencias Naturales, Exactas y de la Educación | D80: Doctorado en Etnobiología y Estudios Bioculturales | E80: Doctor(a) en Etnobiología y Estudios Bioculturales | G80: 105656 | I80: 8(2023) | J80: Anual | N80: Popayán | O80: Diurna | P80: No | Q80: Doctorado | R80: Posgrado | S80: Presencial | T80: N/A | U80: N/A | V80: N/A | W80: 122 | X80: 8 Semestres | AB80: 0.4 | AC80: Sí | AD80: 17692 | AE80: 17692 | AF80: 45196 | AG80: 7 | AH80: =EDATE(AF80,(AG80*12)-14) -> 47326 | AI80: =EDATE(AF80,(AG80*12)-12) -> 47388 | AJ80: =EDATE(AF80,AG80*12) -> 47753 | AM80: Res.10696 del 1 de junio de 2016 (7a) | AN80: 1 | AO80: si
A81: 75 | B81: 38388 | C81: Facultad de Ciencias Naturales, Exactas y de la Educación | D81: Doctorado en Ciencias Química | E81: Doctor en Ciencias-Química | F81: Ac. S. 077 16/12/2015 | G81: 105661 | I81: 3 (2013) | J81: Anual | N81: Popayán | O81: Diurna | P81: No | Q81: Doctorado | R81: Posgrado | S81: Presencial | T81: Investigación | U81: 118 | V81: N/A | W81: 118 | X81: 8 semestres | AB81: 0.25 | AC81: =IF(AJ81>TODAY(),"Si","No") -> Si | AD81: 17691 | AE81: 17691 | AF81: 45196 | AG81: 7 | AH81: =EDATE(AF81,(AG81*12)-14) -> 47326 | AI81: =EDATE(AF81,(AG81*12)-12) -> 47388 | AJ81: =EDATE(AF81,AG81*12) -> 47753 | AM81: Res. 10727 de 01-jun-2016 (7a) | AN81: 1 | AR81: No | AT81: ='Rutas AAC'!AE120
A82: 76 | B82: 34057. | C82: Facultad de Ciencias Naturales, Exactas y de la Educación | D82: Maestría en Recursos Hidrobiológicos Continentales | E82: Magíster en Recursos Hidrobiológicos Continentales | F82: Res. C.S. 084 27/05/1991 | G82: 256 | I82: 15 (2021) | J82: Por cohorte | N82: Popayán | O82: Diurna | P82: No | Q82: Maestría | R82: Posgrado | S82: Presencial | T82: Profundización | U82: N/A | V82: 50 | W82: 50 | X82: 4 Semestres | Y82: AC. 017 del 24-Sep-2014 (CA) | AB82: 0.3 | AC82: =IF(AJ82>TODAY(),"Si","No") -> Si | AD82: 22249 | AE82: 22249 | AF82: 45253 | AG82: 7 | AH82: =EDATE(AF82,(AG82*12)-14) -> 47384 | AI82: =EDATE(AF82,(AG82*12)-12) -> 47445 | AJ82: =EDATE(AF82,AG82*12) -> 47810 | AM82: Res. 19499 de 14-nov-2014 (7a) Res. 4755 de 15-abri-2015 (Modif.) Res. 4118 de 04-jul-2008 (7a) | AN82: 4 | AQ82: 42 | AR82: Si | AS82: Si | AU82: 22249 | AV82: 45253 | AW82: 6 | AX82: =EDATE(AV82,(AW82*12)-14) -> 47019 | AY82: =EDATE(AV82,(AW82*12)-12) -> 47080 | AZ82: =EDATE(AV82,(AW82*12)) -> 47445 | BA82: =EDATE(AV82,((AW82/2)*12)) -> 46349
A83: 77 | B83: 41862 | C83: Facultad de Ciencias Naturales, Exactas y de la Educación | D83: Maestría en Ciencias Química | E83: Magíster en Ciencias Química | F83: Res. 080 18/11/2009 | G83: 90909 | I83: 11 (2017) | J83: Anual | N83: Popayán | O83: Diurna | P83: No | Q83: Maestría | R83: Posgrado | S83: Presencial | T83: Investigación | U83: 52 | V83: N/A | W83: 52 | X83: 4 semestres | AB83: 0.2 | AC83: =IF(AJ83>TODAY(),"Si","No") -> Si | AD83: 23635 | AE83: 9552 | AF83: 45265 | AG83: 7 | AH83: =EDATE(AF83,(AG83*12)-14) -> 47396 | AI83: =EDATE(AF83,(AG83*12)-12) -> 47457 | AJ83: =EDATE(AF83,AG83*12) -> 47822 | AL83: 45930 | AM83: Res. 10202 de 22-nov-2010 | AN83: 2 | AR83: No | AT83: ='Rutas AAC'!AE100
A84: 78 | B84: 34563 | C84: Facultad de Ciencias Naturales, Exactas y de la Educación | D84: Doctorado en Ciencias Ambientales | E84: Doctor en Ciencias Ambientales | F84: Res. 085 23/11/2007 | G84: 53943 | I84: 6 (2023) | J84: Anual | N84: Popayán | O84: Diurna | Q84: Doctorado | R84: Posgrado | S84: Presencial | T84: Investigación | U84: 80 | V84: N/A | W84: 80 | X84: 8 semestres | AB84: 0.6 | AC84: =IF(AJ84>TODAY(),"Si","No") -> Si | AD84: 1125 | AE84: 1125 | AF84: 45335 | AG84: 7 | AH84: =EDATE(AF84,(AG84*12)-14) -> 47465 | AI84: =EDATE(AF84,(AG84*12)-12) -> 47527 | AJ84: =EDATE(AF84,AG84*12) -> 47892 | AM84: Res. 13806 de 03-sep-2015 (7a) Res. 5641 de 29-ago-2008 Res. 001125 de 14Feb2024 (7a) | AN84: 3 | AR84: Sí | AS84: Si | AT84: ='[5]Rutas AAC'!AE107 -> #REF! | AU84: 1125 | AV84: 45335 | AW84: 6 | AX84: =EDATE(AV84,(AW84*12)-14) -> 47100 | AY84: =EDATE(AV84,(AW84*12)-12) -> 47162 | AZ84: =EDATE(AV84,(AW84*12)) -> 47527 | BA84: =EDATE(AV84,((AW84/2)*12)) -> 46431
A85: 79 | B85: 42763 | C85: Facultad de Ciencias Naturales, Exactas y de la Educación | D85: Licenciatura en Matemáticas | E85: Licenciado en Matemáticas | F85: Res. 88 de 8-Nov-1993 y Res. 3953 de 6-May-1977 | G85: 229 | I85: 30 (2017) | J85: Semestral | N85: Popayán | O85: Diurna | P85: No | Q85: Profesional Universitario | R85: Pregrado | S85: Presencial | T85: N/A | U85: N/A | V85: N/A | W85: 166 | X85: 10 Semestres | Y85: AC. 021 del 06-Nov-2014 (CA) | AB85: 0.4 | AC85: =IF(AJ85>TODAY(),"Si","No") -> Si | AD85: 2015 | AE85: =AD85 -> 2015 | AF85: 45350 | AG85: 7 | AH85: =EDATE(AF85,(AG85*12)-14) -> 47480 | AI85: =EDATE(AF85,(AG85*12)-12) -> 47542 | AJ85: =EDATE(AF85,AG85*12) -> 47907 | AL85: 45930 | AM85: Res 744 de 08-feb-11 Res. 2118 de 12-sep-2001 (Ac. Previa) | AN85: 3 | AO85: Si | AR85: Si | AS85: Si | AT85: ='Rutas AAC'!AE84 | AU85: 2015 | AV85: 45350 | AW85: 6 | AX85: =EDATE(AV85,(AW85*12)-14) -> 47115 | AY85: =EDATE(AV85,(AW85*12)-12) -> 47177 | AZ85: =EDATE(AV85,(AW85*12)) -> 47542 | BA85: =EDATE(AV85,((AW85/2)*12)) -> 46446 | BB85: Res. 10722 del 25 de Mayo de 2017 (6a) | BC85: 1 | BD85: Res. 8382 de 22-sep-2010
A86: 80 | B86: 20891 | C86: Facultad de Ciencias Naturales, Exactas y de la Educación | D86: Maestría en Bioingeniería | E86: Magíster en Bioingeniería | F86: Res. 29 12/04/2016 y Ac. S. 076 16/12/2015 | G86: 106198 | I86: 28 (2016) | N86: Santander de Quilichao | O86: Diurna | P86: No | Q86: Maestría | R86: Posgrado | S86: Presencial | T86: Investigación | U86: 42 | V86: 41 | W86: 83 | X86: 4 semestres | AC86: Si | AD86: 21473 | AE86: 21473 | AF86: 45968 | AG86: 7 | AH86: =EDATE(AF86,(AG86*12)-14) -> 48098 | AI86: =EDATE(AF86,(AG86*12)-12) -> 48159 | AJ86: =EDATE(AF86,AG86*12) -> 48525
A87: 81 | B87: 23110 | C87: Facultad de Derecho, Ciencias Políticas y Sociales | D87: Derecho | E87: Abogado | F87: Res. 3372 de 23-Dic-1992 ICFES | G87: 233 | I87: 110 (2019) | J87: Semestral | N87: Popayán | O87: Diurna Nocturna | P87: Si | Q87: Profesional Universitario | R87: Pregrado | S87: Presencial | T87: N/A | U87: N/A | V87: N/A | W87: 174 | X87: 10 semestres | Y87: AC. 017 del 22-Jun-2017 (CA) | AB87: 0.3 | AC87: =IF(AJ87>TODAY(),"Si","No") -> Si | AD87: 8977 | AE87: 8977 | AF87: 43704 | AG87: 7 | AH87: =EDATE(AF87,(AG87*12)-14) -> 45835 | AI87: =EDATE(AF87,(AG87*12)-12) -> 45896 | AJ87: =EDATE(AF87,AG87*12) -> 46261 | AM87: Res. 11150 11/09/2012 (7a) Res. 10682 22/11/2011 (7a) Res. 95 14/01/2005 (7a) | AN87: 3 | AR87: Si | AT87: ='Rutas AAC'!AE130 | BB87: Res.9900 de 22-ago-2012 (4a) | BC87: 1
A88: 82 | B88: 25384 | C88: Facultad de Derecho, Ciencias Políticas y Sociales | D88: Comunicación Social | E88: Comunicador Social | F88: Res. 016 de 09-Mar-1999 | G88: 8170 | I88: 46 (2026) | J88: Anual | N88: Popayán | O88: Diurna | P88: No | Q88: Profesional Universitario | R88: Pregrado | S88: Presencial | T88: N/A | U88: N/A | V88: N/A | W88: 146 | X88: 9 Semestres | Y88: AC 046 del 12-12-2018 | AB88: 0.4 | AC88: =IF(AJ88>TODAY(),"Si","No") -> Si | AD88: 7110 | AE88: 7110 | AF88: 46091 | AG88: 7 | AH88: =EDATE(AF88,(AG88*12)-14) -> 48223 | AI88: =EDATE(AF88,(AG88*12)-12) -> 48283 | AJ88: =EDATE(AF88,AG88*12) -> 48648 | AM88: Res. 3677 de 31-ago-2005 (7a) Res. 11091 de 11-sep-2012 (7a) Res. 7110 de 10 marzo 2026 | AN88: 3 | AR88: Si | AT88: ='Rutas AAC'!AE128
A89: 83 | B89: 27458 | C89: Facultad de Derecho, Ciencias Políticas y Sociales | D89: Derecho | E89: Abogado | F89: Res. 3372 de 23-Dic-1992 ICFES | G89: 102182 | I89: 30 (2019) | J89: Semestral | N89: Santander de Quilichao | O89: Diurna Nocturna | P89: Si | Q89: Profesional Universitario | R89: Pregrado | S89: Presencial | T89: N/A | U89: N/A | V89: N/A | W89: 174 | X89: 10 semestres | AB89: 0.3 | AC89: =IF(AJ89>TODAY(),"Si","No") -> Si | AD89: 9061 | AE89: 9061 | AF89: 43705 | AG89: 7 | AH89: =EDATE(AF89,(AG89*12)-14) -> 45836 | AI89: =EDATE(AF89,(AG89*12)-12) -> 45897 | AJ89: =EDATE(AF89,AG89*12) -> 46262 | AM89: Res. 17190 de 27-dic-2012 (7a) | AN89: 1 | AR89: No | AT89: ='Rutas AAC'!AE129 | BB89: Res.9900 de 22-ago-2012 (4a) | BC89: 1
A90: 84 | B90: 35011 | C90: Facultad de Derecho, Ciencias Políticas y Sociales | D90: Ciencia Política | E90: Politólogo (a) | F90: Res. 02 de 16-Ene-1996 | G90: 4080 | I90: 45 (2021) | J90: Semestral | N90: Popayán | O90: Diurna | P90: No | Q90: Profesional Universitario | R90: Pregrado | S90: Presencial | T90: N/A | U90: N/A | V90: N/A | W90: 123 | X90: 8 Semestres | Y90: AC. 022 del 10-Dic-2014 (CA) | AB90: 0.2 | AC90: =IF(AJ90>TODAY(),"Si","No") -> Si | AD90: 9958 | AE90: 9958 | AF90: 44349 | AG90: 7 | AH90: =EDATE(AF90,(AG90*12)-14) -> 46479 | AI90: =EDATE(AF90,(AG90*12)-12) -> 46540 | AJ90: =EDATE(AF90,AG90*12) -> 46906 | AM90: Res. 3185 de 12-mar-2015 (7a) Res. 7225 de 24-oct-2008 | AN90: 2 | AR90: Si | AT90: ='Rutas AAC'!AE127
A91: 85 | B91: 33869 | C91: Facultad de Derecho, Ciencias Políticas y Sociales | D91: Especialización en Derecho de Familia | E91: Especialista en Derecho de Familia | F91: Ac. S. 035 28/05/2014 | G91: 103788 | I91: 30 (2021) | J91: Semestral | N91: Popayán | O91: Diurna | P91: No | Q91: Especialización | R91: Posgrado | S91: Presencial | T91: Profundización | U91: N/A | V91: 24 | W91: 24 | X91: 2 semestres | AB91: 0.2 | AC91: =IF(AJ91>TODAY(),"Si","No") -> Si | AD91: 11630 | AE91: 11630 | AF91: 44376 | AG91: 7 | AH91: =EDATE(AF91,(AG91*12)-14) -> 46506 | AI91: =EDATE(AF91,(AG91*12)-12) -> 46567 | AJ91: =EDATE(AF91,AG91*12) -> 46933 | AM91: Res. 17192 de 17-oct-2014 (7a) | AN91: 2 | AR91: N/A | AT91: ='Rutas AAC'!AE138 | AU91: N/A | AV91: N/A | AW91: N/A | AX91: N/A | AY91: N/A | AZ91: N/A
A92: 86 | B92: 30038 | C92: Facultad de Derecho, Ciencias Políticas y Sociales | D92: Especialización en Gobierno y Políticas Públicas | E92: Especialista en Gobierno y Políticas Públicas | F92: Ac. S. 037 25/06/2013 | G92: 102803 | I92: 30 (2021) | J92: Anual | N92: Popayán | O92: Diurna | Q92: Especialización | R92: Posgrado | S92: Presencial | T92: Profundización | U92: N/A | V92: 26 | W92: 26 | X92: 2 Semestres | AB92: 0.2 | AC92: =IF(AJ92>TODAY(),"Si","No") -> Si | AD92: 14229 | AE92: 14229 | AF92: 44414 | AG92: 7 | AH92: =EDATE(AF92,(AG92*12)-14) -> 46544 | AI92: =EDATE(AF92,(AG92*12)-12) -> 46605 | AJ92: =EDATE(AF92,AG92*12) -> 46971 | AM92: Res. 12952 de 23-sep-2013 (7a) Res. 17780 de 27-nov-2013 (Correc) | AN92: 2 | AR92: N/A | AT92: ='Rutas AAC'!AE132 | AU92: N/A | AV92: N/A | AW92: N/A | AX92: N/A | AY92: N/A | AZ92: N/A
A93: 87 | B93: 24709 | C93: Facultad de Derecho, Ciencias Políticas y Sociales | D93: Especialización Derecho Procesal | E93: Especialista en Derecho Procesal | F93: Ac. S 057 del 27/10/2025 | G93: 106623 | I93: 30 (2025) | J93: Semestral | N93: Popayán | O93: Diurna | P93: No | Q93: Especialización | R93: Posgrado | S93: Presencial | W93: 24 | X93: 2 semestres | AC93: Si | AD93: 23526 | AE93: 23526 | AF93: 45989 | AG93: 7 | AH93: =EDATE(AF93,(AG93*12)-14) -> 48119 | AI93: =EDATE(AF93,(AG93*12)-12) -> 48180 | AJ93: =EDATE(AF93,AG93*12) -> 48546 | AM93: Res. 23526 de 28-nov-2025 | AN93: 1
A94: 88 | B94: 27796 | C94: Facultad de Ingeniería Civil | D94: Especialización en Ingeniería de Vías Terrestres | E94: Especialista en Ingeniería de Vías Terrestres | F94: Res. 9 28/01/1994 | G94: 246 | I94: 21 (2026) | J94: Anual | N94: Popayán | O94: Diurna | P94: No | Q94: Especialización | R94: Posgrado | S94: Presencial | T94: Profundización | U94: N/A | V94: 24 | W94: 24 | X94: 2 semestres | Y94: AC. 003 del 24-Feb-2015 (CA) | Z94: AC. 054 del 27-Oct-2015 (CS) | AA94: Res. 18362 de 10-nov-2015 (MEN) | AB94: 0.1 | AC94: =IF(AJ94>TODAY(),"Si","No") -> Si | AD94: 9097 | AE94: 9097 | AF94: 46113 | AG94: 7 | AH94: =EDATE(AF94,(AG94*12)-14) -> 48245 | AI94: =EDATE(AF94,(AG94*12)-12) -> 48305 | AJ94: =EDATE(AF94,AG94*12) -> 48670 | AM94: Res. 5982 de 20-may-2013 (7a) Res. 18362 de 10-nov-2014 (5a) (Modif) Res. 9060 de 28-ago-2019 (7a) (ren y Mod) Res. 9097 de 01-abril-2026 (7a) (Renovación) | AN94: 4 | AR94: N/A | AT94: ='Rutas AAC'!AE146 | AU94: N/A | AV94: N/A | AW94: N/A | AX94: N/A | AY94: N/A | AZ94: N/A
A95: 89 | B95: 49808 | C95: Facultad de Ingeniería Civil | D95: Maestría en Ingeniería Hidráulica e Hidrológica | E95: Magíster en Ingeniería Hidráulica e Hidrológica | F95: Ac. 012 de 02-Abr-2019 CS | G95: 108684 | I95: 15 (2019) | J95: Anual | N95: Popayán | O95: Diurna | P95: No | Q95: Maestría | R95: Posgrado | S95: Presencial | T95: Prof.- Inv. | U95: 48 | V95: 48 | W95: 96 | X95: 4 Semestres | AB95: 0.7 | AC95: Si | AD95: 14826 | AE95: 14826 | AF95: 43816 | AG95: 7 | AH95: =EDATE(AF95,(AG95*12)-14) -> 45947 | AI95: =EDATE(AF95,(AG95*12)-12) -> 46008 | AJ95: =EDATE(AF95,AG95*12) -> 46373 | AR95: No
A96: 90 | B96: 50598 | C96: Facultad de Ingeniería Civil | D96: Maestría en Ingeniería Ambiental | E96: Magíster en Ingeniería Ambiental | F96: Ac. 023 de 22-May-2019 | G96: 109143 | I96: 14 (2019) | J96: Por cohorte | N96: Popayán | O96: Diurna | P96: No | Q96: Maestría | R96: Posgrado | S96: Presencial | T96: Investigación | U96: 49 | V96: N/A | W96: 49 | X96: 4 Semestres | AB96: 0.3 | AC96: Si | AD96: 16956 | AE96: 16956 | AF96: 43826 | AG96: 7 | AH96: =EDATE(AF96,(AG96*12)-14) -> 45957 | AI96: =EDATE(AF96,(AG96*12)-12) -> 46018 | AJ96: =EDATE(AF96,AG96*12) -> 46383 | AR96: No
A97: 91 | B97: 29682 | C97: Facultad de Ingeniería Civil | D97: Ingeniería Ambiental | E97: Ingeniero Ambiental | F97: Res. 011 de 23-Feb-1999 | G97: 8704 | I97: 50 (2020) | J97: Semestral | N97: Popayán | O97: Diurna | P97: No | Q97: Profesional Universitario | R97: Pregrado | S97: Presencial | T97: N/A | U97: N/A | V97: N/A | W97: 170 | X97: 10 Semestres | AB97: 0.16 | AC97: =IF(AJ97>TODAY(),"Si","No") -> Si | AD97: 9823 | AE97: 9823 | AF97: 43998 | AG97: 7 | AH97: =EDATE(AF97,(AG97*12)-14) -> 46128 | AI97: =EDATE(AF97,(AG97*12)-12) -> 46189 | AJ97: =EDATE(AF97,AG97*12) -> 46554 | AM97: Res. 12918 de 23-sep-2013 (7a) Res. 2952 de 30-may-2007 (7a) | AN97: 3 | AR97: Si | AT97: ='Rutas AAC'!AE148 | BE97: 2018
A98: 92 | B98: 4444 | C98: Facultad de Ingeniería Civil | D98: Ingeniería en Inteligencia Artificial y Ciencia de Datos | E98: Ingenier(a) en Inteligencia Artificial y Ciencia de Datos | F98: Ac. 031 de 15 - oct - 2025 | I98: 200 (2026) | J98: Semestral | N98: Popayán | O98: Diurna | P98: No | Q98: Profesional Universitario | R98: Pregrado | S98: Virtual | T98: N/A | U98: N/A | V98: N/A | W98: 136 | X98: 4 años | AB98: 1 | AC98: SI | AD98: 9385 | AE98: 9385 | AF98: 46113 | AG98: 7 | AH98: =EDATE(AF98,(AG98*12)-14) -> 48245 | AI98: =EDATE(AF98,(AG98*12)-12) -> 48305 | AJ98: =EDATE(AF98,AG98*12) -> 48670
A99: 93 | B99: 29685 | C99: Facultad de Ingeniería Civil | D99: Especialización en Estructuras | E99: Especialista en Estructuras | F99: Res. 021 25/02/1997 | G99: 4730 | I99: 25 (2020) | J99: Anual | N99: Popayán | O99: Diurna | P99: No | Q99: Especialización | R99: Posgrado | S99: Presencial | T99: Profundización | U99: N/A | V99: 24 | W99: 24 | X99: 2 semestres | Y99: AC. 026 del 26-Jun-2013 (CA) | AB99: 0.15 | AC99: =IF(AJ99>TODAY(),"Si","No") -> Si | AD99: 14165 | AE99: 14165 | AF99: 44047 | AG99: 7 | AH99: =EDATE(AF99,(AG99*12)-14) -> 46177 | AI99: =EDATE(AF99,(AG99*12)-12) -> 46238 | AJ99: =EDATE(AF99,AG99*12) -> 46603 | AM99: Res. 12929 de 23-sep-2013 (7a) Res. 9378 de 12-dic-2008 | AN99: 2 | AR99: N/A | AT99: ='Rutas AAC'!AE147 | AU99: N/A | AV99: N/A | AW99: N/A | AX99: N/A | AY99: N/A | AZ99: N/A
A100: 94 | B100: 27478 | C100: Facultad de Ingeniería Civil | D100: Ingeniería Civil | E100: Ingeniero Civil | F100: Res. 3376 de 30-Nov-1988 | G100: 102471 | I100: 50 (2020) | J100: Semestral | N100: Santander de Quilichao | O100: Diurna | P100: Si | Q100: Profesional Universitario | R100: Pregrado | S100: Presencial | T100: N/A | U100: N/A | V100: N/A | W100: 177 | X100: 10 Semestres | AB100: 0.35 | AC100: Si | AD100: 17486 | AE100: 17486 | AF100: 44095 | AG100: 7 | AH100: =EDATE(AF100,(AG100*12)-14) -> 46224 | AI100: =EDATE(AF100,(AG100*12)-12) -> 46286 | AJ100: =EDATE(AF100,AG100*12) -> 46651 | AM100: Res. 4838 de 30-abr-2013 (7a) | AR100: No | BE100: 2013
A101: 95 | B101: 35329 | C101: Facultad de Ingeniería Civil | D101: Maestría en Ingeniería de la Construcción | E101: Magíster en Ingeniería de la Construcción | F101: Ac. S. 05 4/02/2015 | G101: 104528 | I101: 25 (2021) | J101: Semestral | N101: Popayán | O101: Diurna | P101: No | Q101: Maestría | R101: Posgrado | S101: Presencial | T101: Profundización | U101: N/A | V101: 48 | W101: 48 | X101: 4 semestres | AB101: 0.3 | AC101: =IF(AJ101>TODAY(),"Si","No") -> Si | AD101: 19205 | AE101: 19205 | AF101: 44480 | AG101: 7 | AH101: =EDATE(AF101,(AG101*12)-14) -> 46610 | AI101: =EDATE(AF101,(AG101*12)-12) -> 46671 | AJ101: =EDATE(AF101,AG101*12) -> 47037 | AM101: Res. 6925 de 14-may-2015 (7a) | AN101: 2 | AR101: No | AT101: ='Rutas AAC'!AE153
A102: 96 | B102: 35417 | C102: Facultad de Ingeniería Civil | D102: Maestría en Ingeniería de Pavimentos | E102: Magíster en Ingeniería de Pavimentos | F102: Ac. S. 009 19/02/2015 | G102: 104611 | I102: 25 (2021) | J102: Semestral | N102: Popayán | O102: Diurna | P102: No | Q102: Maestría | R102: Posgrado | S102: Presencial | T102: Profundización | U102: N/A | V102: 49 | W102: 49 | X102: 4 semestres | AB102: 0.3 | AC102: =IF(AJ102>TODAY(),"Si","No") -> Si | AD102: 19206 | AE102: 19206 | AF102: 44480 | AG102: 7 | AH102: =EDATE(AF102,(AG102*12)-14) -> 46610 | AI102: =EDATE(AF102,(AG102*12)-12) -> 46671 | AJ102: =EDATE(AF102,AG102*12) -> 47037 | AM102: Res. 7837 de 01-jun-2015 (7a) | AN102: 2 | AR102: No | AT102: ='Rutas AAC'!AE154 | BG102: Ferney Quiñonez
...

Sheet Alerta de vencimiento
A1: Número | B1: Programa | C1: Vencimiento R.C. | D1: Alerta R.C. | E1: Días R.C | F1: Vencimiento SIAC RRC | G1: Alerta SIAC RRC | H1: Días SIAC RRC | I1: Observaciones
A2: =Consolidado!A16 -> 0 | B2: =Consolidado!D16 -> 0 | C2: =Consolidado!AJ16 -> 0 | D2: =_xludf.LET( _xlpm.h, TODAY(), IF(ISBLANK(C2), "SIN FECHA", _xludf.LET( _xlpm.dC, C2 - _xlpm.h, _xlpm.fC, IF(_xlpm.dC>=0, _xlpm.dC, 99999), IF(_xlpm.fC=99999, "YA SE VENCIÓ", "EL VENCIMIENTO DE RC se vence en " & _xlpm.fC & " días" ) ) ) ) -> #NAME? | E2: =_xludf.LET( _xlpm.m, C2 - TODAY(), _xlpm.m ) -> #NAME? | F2: =Consolidado!AH16 -> 0 | G2: =_xludf.LET( _xlpm.h, TODAY(), IF(ISBLANK(F2), "SIN FECHA", _xludf.LET( _xlpm.dC, F2 - _xlpm.h, _xlpm.fC, IF(_xlpm.dC>=0, _xlpm.dC, 99999), IF(_xlpm.fC=99999, "YA SE VENCIÓ", "EL VENCIMIENTO DE RC se vence en " & _xlpm.fC & " días" ) ) ) ) -> #NAME? | H2: =_xludf.LET( _xlpm.m, F2 - TODAY(), _xlpm.m ) -> #NAME? | I2: Revisado 22 enero 2026 ok
A3: =Consolidado!A87 -> 81 | B3: =Consolidado!D87 -> Derecho | C3: =Consolidado!AJ87 -> 46261 | D3: =_xludf.LET( _xlpm.h, TODAY(), IF(ISBLANK(C3), "SIN FECHA", _xludf.LET( _xlpm.dC, C3 - _xlpm.h, _xlpm.fC, IF(_xlpm.dC>=0, _xlpm.dC, 99999), IF(_xlpm.fC=99999, "YA SE VENCIÓ", "EL VENCIMIENTO DE RC se vence en " & _xlpm.fC & " días" ) ) ) ) -> #NAME? | E3: =_xludf.LET( _xlpm.m, C3 - TODAY(), _xlpm.m ) -> #NAME? | F3: =Consolidado!AH87 -> 45835 | G3: =_xludf.LET( _xlpm.h, TODAY(), IF(ISBLANK(F3), "SIN FECHA", _xludf.LET( _xlpm.dC, F3 - _xlpm.h, _xlpm.fC, IF(_xlpm.dC>=0, _xlpm.dC, 99999), IF(_xlpm.fC=99999, "YA SE VENCIÓ", "EL VENCIMIENTO DE RC se vence en " & _xlpm.fC & " días" ) ) ) ) -> #NAME? | H3: =_xludf.LET( _xlpm.m, F3 - TODAY(), _xlpm.m ) -> #NAME?
A4: =Consolidado!A89 -> 83 | B4: =Consolidado!D89 -> Derecho | C4: =Consolidado!AJ89 -> 46262 | D4: =_xludf.LET( _xlpm.h, TODAY(), IF(ISBLANK(C4), "SIN FECHA", _xludf.LET( _xlpm.dC, C4 - _xlpm.h, _xlpm.fC, IF(_xlpm.dC>=0, _xlpm.dC, 99999), IF(_xlpm.fC=99999, "YA SE VENCIÓ", "EL VENCIMIENTO DE RC se vence en " & _xlpm.fC & " días" ) ) ) ) -> #NAME? | E4: =_xludf.LET( _xlpm.m, C4 - TODAY(), _xlpm.m ) -> #NAME? | F4: =Consolidado!AH89 -> 45836 | G4: =_xludf.LET( _xlpm.h, TODAY(), IF(ISBLANK(F4), "SIN FECHA", _xludf.LET( _xlpm.dC, F4 - _xlpm.h, _xlpm.fC, IF(_xlpm.dC>=0, _xlpm.dC, 99999), IF(_xlpm.fC=99999, "YA SE VENCIÓ", "EL VENCIMIENTO DE RC se vence en " & _xlpm.fC & " días" ) ) ) ) -> #NAME? | H4: =_xludf.LET( _xlpm.m, F4 - TODAY(), _xlpm.m ) -> #NAME?
A5: =Consolidado!A110 -> 104 | B5: =Consolidado!D110 -> Especialización en Redes y Servicios Telemáticos | C5: =Consolidado!AJ110 -> 46262 | D5: =_xludf.LET( _xlpm.h, TODAY(), IF(ISBLANK(C5), "SIN FECHA", _xludf.LET( _xlpm.dC, C5 - _xlpm.h, _xlpm.fC, IF(_xlpm.dC>=0, _xlpm.dC, 99999), IF(_xlpm.fC=99999, "YA SE VENCIÓ", "EL VENCIMIENTO DE RC se vence en " & _xlpm.fC & " días" ) ) ) ) -> #NAME? | E5: =_xludf.LET( _xlpm.m, C5 - TODAY(), _xlpm.m ) -> #NAME? | F5: =Consolidado!AH110 -> 45836 | G5: =_xludf.LET( _xlpm.h, TODAY(), IF(ISBLANK(F5), "SIN FECHA", _xludf.LET( _xlpm.dC, F5 - _xlpm.h, _xlpm.fC, IF(_xlpm.dC>=0, _xlpm.dC, 99999), IF(_xlpm.fC=99999, "YA SE VENCIÓ", "EL VENCIMIENTO DE RC se vence en " & _xlpm.fC & " días" ) ) ) ) -> #NAME? | H5: =_xludf.LET( _xlpm.m, F5 - TODAY(), _xlpm.m ) -> #NAME?
A6: =Consolidado!A111 -> 105 | B6: =Consolidado!D111 -> Especialización en Redes y Servicios Telemáticos | C6: =Consolidado!AJ111 -> 46366 | D6: =_xludf.LET( _xlpm.h, TODAY(), IF(ISBLANK(C6), "SIN FECHA", _xludf.LET( _xlpm.dC, C6 - _xlpm.h, _xlpm.fC, IF(_xlpm.dC>=0, _xlpm.dC, 99999), IF(_xlpm.fC=99999, "YA SE VENCIÓ", "EL VENCIMIENTO DE RC se vence en " & _xlpm.fC & " días" ) ) ) ) -> #NAME? | E6: =_xludf.LET( _xlpm.m, C6 - TODAY(), _xlpm.m ) -> #NAME? | F6: =Consolidado!AH111 -> 45940 | G6: =_xludf.LET( _xlpm.h, TODAY(), IF(ISBLANK(F6), "SIN FECHA", _xludf.LET( _xlpm.dC, F6 - _xlpm.h, _xlpm.fC, IF(_xlpm.dC>=0, _xlpm.dC, 99999), IF(_xlpm.fC=99999, "YA SE VENCIÓ", "EL VENCIMIENTO DE RC se vence en " & _xlpm.fC & " días" ) ) ) ) -> #NAME? | H6: =_xludf.LET( _xlpm.m, F6 - TODAY(), _xlpm.m ) -> #NAME?
A7: =Consolidado!A95 -> 89 | B7: =Consolidado!D95 -> Maestría en Ingeniería Hidráulica e Hidrológica | C7: =Consolidado!AJ95 -> 46373 | D7: =_xludf.LET( _xlpm.h, TODAY(), IF(ISBLANK(C7), "SIN FECHA", _xludf.LET( _xlpm.dC, C7 - _xlpm.h, _xlpm.fC, IF(_xlpm.dC>=0, _xlpm.dC, 99999), IF(_xlpm.fC=99999, "YA SE VENCIÓ", "EL VENCIMIENTO DE RC se vence en " & _xlpm.fC & " días" ) ) ) ) -> #NAME? | E7: =_xludf.LET( _xlpm.m, C7 - TODAY(), _xlpm.m ) -> #NAME? | F7: =Consolidado!AH95 -> 45947 | G7: =_xludf.LET( _xlpm.h, TODAY(), IF(ISBLANK(F7), "SIN FECHA", _xludf.LET( _xlpm.dC, F7 - _xlpm.h, _xlpm.fC, IF(_xlpm.dC>=0, _xlpm.dC, 99999), IF(_xlpm.fC=99999, "YA SE VENCIÓ", "EL VENCIMIENTO DE RC se vence en " & _xlpm.fC & " días" ) ) ) ) -> #NAME? | H7: =_xludf.LET( _xlpm.m, F7 - TODAY(), _xlpm.m ) -> #NAME?
A8: =Consolidado!A21 -> 15 | B8: =Consolidado!D21 -> Especialización en Gerencia de Impuestos | C8: =Consolidado!AJ21 -> 46374 | D8: =_xludf.LET( _xlpm.h, TODAY(), IF(ISBLANK(C8), "SIN FECHA", _xludf.LET( _xlpm.dC, C8 - _xlpm.h, _xlpm.fC, IF(_xlpm.dC>=0, _xlpm.dC, 99999), IF(_xlpm.fC=99999, "YA SE VENCIÓ", "EL VENCIMIENTO DE RC se vence en " & _xlpm.fC & " días" ) ) ) ) -> #NAME? | E8: =_xludf.LET( _xlpm.m, C8 - TODAY(), _xlpm.m ) -> #NAME? | F8: =Consolidado!AH21 -> 45948 | G8: =_xludf.LET( _xlpm.h, TODAY(), IF(ISBLANK(F8), "SIN FECHA", _xludf.LET( _xlpm.dC, F8 - _xlpm.h, _xlpm.fC, IF(_xlpm.dC>=0, _xlpm.dC, 99999), IF(_xlpm.fC=99999, "YA SE VENCIÓ", "EL VENCIMIENTO DE RC se vence en " & _xlpm.fC & " días" ) ) ) ) -> #NAME? | H8: =_xludf.LET( _xlpm.m, F8 - TODAY(), _xlpm.m ) -> #NAME?
A9: =Consolidado!A22 -> 16 | B9: =Consolidado!D22 -> Especialización en Revisoría Fiscal y Auditoría Internacional | C9: =Consolidado!AJ22 -> 46374 | D9: =_xludf.LET( _xlpm.h, TODAY(), IF(ISBLANK(C9), "SIN FECHA", _xludf.LET( _xlpm.dC, C9 - _xlpm.h, _xlpm.fC, IF(_xlpm.dC>=0, _xlpm.dC, 99999), IF(_xlpm.fC=99999, "YA SE VENCIÓ", "EL VENCIMIENTO DE RC se vence en " & _xlpm.fC & " días" ) ) ) ) -> #NAME? | E9: =_xludf.LET( _xlpm.m, C9 - TODAY(), _xlpm.m ) -> #NAME? | F9: =Consolidado!AH22 -> 45948 | G9: =_xludf.LET( _xlpm.h, TODAY(), IF(ISBLANK(F9), "SIN FECHA", _xludf.LET( _xlpm.dC, F9 - _xlpm.h, _xlpm.fC, IF(_xlpm.dC>=0, _xlpm.dC, 99999), IF(_xlpm.fC=99999, "YA SE VENCIÓ", "EL VENCIMIENTO DE RC se vence en " & _xlpm.fC & " días" ) ) ) ) -> #NAME? | H9: =_xludf.LET( _xlpm.m, F9 - TODAY(), _xlpm.m ) -> #NAME?
A10: =Consolidado!A23 -> 17 | B10: =Consolidado!D23 -> Especialización en Gerencia de Proyectos | C10: =Consolidado!AJ23 -> 46374 | D10: =_xludf.LET( _xlpm.h, TODAY(), IF(ISBLANK(C10), "SIN FECHA", _xludf.LET( _xlpm.dC, C10 - _xlpm.h, _xlpm.fC, IF(_xlpm.dC>=0, _xlpm.dC, 99999), IF(_xlpm.fC=99999, "YA SE VENCIÓ", "EL VENCIMIENTO DE RC se vence en " & _xlpm.fC & " días" ) ) ) ) -> #NAME? | E10: =_xludf.LET( _xlpm.m, C10 - TODAY(), _xlpm.m ) -> #NAME? | F10: =Consolidado!AH23 -> 45948 | G10: =_xludf.LET( _xlpm.h, TODAY(), IF(ISBLANK(F10), "SIN FECHA", _xludf.LET( _xlpm.dC, F10 - _xlpm.h, _xlpm.fC, IF(_xlpm.dC>=0, _xlpm.dC, 99999), IF(_xlpm.fC=99999, "YA SE VENCIÓ", "EL VENCIMIENTO DE RC se vence en " & _xlpm.fC & " días" ) ) ) ) -> #NAME? | H10: =_xludf.LET( _xlpm.m, F10 - TODAY(), _xlpm.m ) -> #NAME?
A11: =Consolidado!A46 -> 40 | B11: =Consolidado!D46 -> Licenciatura en Lenguas Modernas con énfasis en Inglés y Francés (Santander de Quilichao) | C11: =Consolidado!AJ46 -> 46374 | D11: =_xludf.LET( _xlpm.h, TODAY(), IF(ISBLANK(C11), "SIN FECHA", _xludf.LET( _xlpm.dC, C11 - _xlpm.h, _xlpm.fC, IF(_xlpm.dC>=0, _xlpm.dC, 99999), IF(_xlpm.fC=99999, "YA SE VENCIÓ", "EL VENCIMIENTO DE RC se vence en " & _xlpm.fC & " días" ) ) ) ) -> #NAME? | E11: =_xludf.LET( _xlpm.m, C11 - TODAY(), _xlpm.m ) -> #NAME? | F11: =Consolidado!AH46 -> 45948 | G11: =_xludf.LET( _xlpm.h, TODAY(), IF(ISBLANK(F11), "SIN FECHA", _xludf.LET( _xlpm.dC, F11 - _xlpm.h, _xlpm.fC, IF(_xlpm.dC>=0, _xlpm.dC, 99999), IF(_xlpm.fC=99999, "YA SE VENCIÓ", "EL VENCIMIENTO DE RC se vence en " & _xlpm.fC & " días" ) ) ) ) -> #NAME? | H11: =_xludf.LET( _xlpm.m, F11 - TODAY(), _xlpm.m ) -> #NAME?
A12: =Consolidado!A96 -> 90 | B12: =Consolidado!D96 -> Maestría en Ingeniería Ambiental | C12: =Consolidado!AJ96 -> 46383 | D12: =_xludf.LET( _xlpm.h, TODAY(), IF(ISBLANK(C12), "SIN FECHA", _xludf.LET( _xlpm.dC, C12 - _xlpm.h, _xlpm.fC, IF(_xlpm.dC>=0, _xlpm.dC, 99999), IF(_xlpm.fC=99999, "YA SE VENCIÓ", "EL VENCIMIENTO DE RC se vence en " & _xlpm.fC & " días" ) ) ) ) -> #NAME? | E12: =_xludf.LET( _xlpm.m, C12 - TODAY(), _xlpm.m ) -> #NAME? | F12: =Consolidado!AH96 -> 45957 | G12: =_xludf.LET( _xlpm.h, TODAY(), IF(ISBLANK(F12), "SIN FECHA", _xludf.LET( _xlpm.dC, F12 - _xlpm.h, _xlpm.fC, IF(_xlpm.dC>=0, _xlpm.dC, 99999), IF(_xlpm.fC=99999, "YA SE VENCIÓ", "EL VENCIMIENTO DE RC se vence en " & _xlpm.fC & " días" ) ) ) ) -> #NAME? | H12: =_xludf.LET( _xlpm.m, F12 - TODAY(), _xlpm.m ) -> #NAME?
A13: =Consolidado!A112 -> 106 | B13: =Consolidado!D112 -> Ingeniería Electrónica y Telecomunicaciones | C13: =Consolidado!AJ112 -> 46489 | D13: =_xludf.LET( _xlpm.h, TODAY(), IF(ISBLANK(C13), "SIN FECHA", _xludf.LET( _xlpm.dC, C13 - _xlpm.h, _xlpm.fC, IF(_xlpm.dC>=0, _xlpm.dC, 99999), IF(_xlpm.fC=99999, "YA SE VENCIÓ", "EL VENCIMIENTO DE RC se vence en " & _xlpm.fC & " días" ) ) ) ) -> #NAME? | E13: =_xludf.LET( _xlpm.m, C13 - TODAY(), _xlpm.m ) -> #NAME? | F13: =Consolidado!AH112 -> 46065 | G13: =_xludf.LET( _xlpm.h, TODAY(), IF(ISBLANK(F13), "SIN FECHA", _xludf.LET( _xlpm.dC, F13 - _xlpm.h, _xlpm.fC, IF(_xlpm.dC>=0, _xlpm.dC, 99999), IF(_xlpm.fC=99999, "YA SE VENCIÓ", "EL VENCIMIENTO DE RC se vence en " & _xlpm.fC & " días" ) ) ) ) -> #NAME? | H13: =_xludf.LET( _xlpm.m, F13 - TODAY(), _xlpm.m ) -> #NAME?
A14: =Consolidado!A24 -> 18 | B14: =Consolidado!D24 -> Especialización en Mercadeo Corporativo | C14: =Consolidado!AJ24 -> 46534 | D14: =_xludf.LET( _xlpm.h, TODAY(), IF(ISBLANK(C14), "SIN FECHA", _xludf.LET( _xlpm.dC, C14 - _xlpm.h, _xlpm.fC, IF(_xlpm.dC>=0, _xlpm.dC, 99999), IF(_xlpm.fC=99999, "YA SE VENCIÓ", "EL VENCIMIENTO DE RC se vence en " & _xlpm.fC & " días" ) ) ) ) -> #NAME? | E14: =_xludf.LET( _xlpm.m, C14 - TODAY(), _xlpm.m ) -> #NAME? | F14: =Consolidado!AH24 -> 46108 | G14: =_xludf.LET( _xlpm.h, TODAY(), IF(ISBLANK(F14), "SIN FECHA", _xludf.LET( _xlpm.dC, F14 - _xlpm.h, _xlpm.fC, IF(_xlpm.dC>=0, _xlpm.dC, 99999), IF(_xlpm.fC=99999, "YA SE VENCIÓ", "EL VENCIMIENTO DE RC se vence en " & _xlpm.fC & " días" ) ) ) ) -> #NAME? | H14: =_xludf.LET( _xlpm.m, F14 - TODAY(), _xlpm.m ) -> #NAME?
A15: =Consolidado!A47 -> 41 | B15: =Consolidado!D47 -> Filosofía | C15: =Consolidado!AJ47 -> 46534 | D15: =_xludf.LET( _xlpm.h, TODAY(), IF(ISBLANK(C15), "SIN FECHA", _xludf.LET( _xlpm.dC, C15 - _xlpm.h, _xlpm.fC, IF(_xlpm.dC>=0, _xlpm.dC, 99999), IF(_xlpm.fC=99999, "YA SE VENCIÓ", "EL VENCIMIENTO DE RC se vence en " & _xlpm.fC & " días" ) ) ) ) -> #NAME? | E15: =_xludf.LET( _xlpm.m, C15 - TODAY(), _xlpm.m ) -> #NAME? | F15: =Consolidado!AH47 -> 46108 | G15: =_xludf.LET( _xlpm.h, TODAY(), IF(ISBLANK(F15), "SIN FECHA", _xludf.LET( _xlpm.dC, F15 - _xlpm.h, _xlpm.fC, IF(_xlpm.dC>=0, _xlpm.dC, 99999), IF(_xlpm.fC=99999, "YA SE VENCIÓ", "EL VENCIMIENTO DE RC se vence en " & _xlpm.fC & " días" ) ) ) ) -> #NAME? | H15: =_xludf.LET( _xlpm.m, F15 - TODAY(), _xlpm.m ) -> #NAME?
A16: =Consolidado!A97 -> 91 | B16: =Consolidado!D97 -> Ingeniería Ambiental | C16: =Consolidado!AJ97 -> 46554 | D16: =_xludf.LET( _xlpm.h, TODAY(), IF(ISBLANK(C16), "SIN FECHA", _xludf.LET( _xlpm.dC, C16 - _xlpm.h, _xlpm.fC, IF(_xlpm.dC>=0, _xlpm.dC, 99999), IF(_xlpm.fC=99999, "YA SE VENCIÓ", "EL VENCIMIENTO DE RC se vence en " & _xlpm.fC & " días" ) ) ) ) -> #NAME? | E16: =_xludf.LET( _xlpm.m, C16 - TODAY(), _xlpm.m ) -> #NAME? | F16: =Consolidado!AH97 -> 46128 | G16: =_xludf.LET( _xlpm.h, TODAY(), IF(ISBLANK(F16), "SIN FECHA", _xludf.LET( _xlpm.dC, F16 - _xlpm.h, _xlpm.fC, IF(_xlpm.dC>=0, _xlpm.dC, 99999), IF(_xlpm.fC=99999, "YA SE VENCIÓ", "EL VENCIMIENTO DE RC se vence en " & _xlpm.fC & " días" ) ) ) ) -> #NAME? | H16: =_xludf.LET( _xlpm.m, F16 - TODAY(), _xlpm.m ) -> #NAME?
A17: =Consolidado!A25 -> 19 | B17: =Consolidado!D25 -> Especialización en Gerencia de Proyectos | C17: =Consolidado!AJ25 -> 46568 | D17: =_xludf.LET( _xlpm.h, TODAY(), IF(ISBLANK(C17), "SIN FECHA", _xludf.LET( _xlpm.dC, C17 - _xlpm.h, _xlpm.fC, IF(_xlpm.dC>=0, _xlpm.dC, 99999), IF(_xlpm.fC=99999, "YA SE VENCIÓ", "EL VENCIMIENTO DE RC se vence en " & _xlpm.fC & " días" ) ) ) ) -> #NAME? | E17: =_xludf.LET( _xlpm.m, C17 - TODAY(), _xlpm.m ) -> #NAME? | F17: =Consolidado!AH25 -> 46142 | G17: =_xludf.LET( _xlpm.h, TODAY(), IF(ISBLANK(F17), "SIN FECHA", _xludf.LET( _xlpm.dC, F17 - _xlpm.h, _xlpm.fC, IF(_xlpm.dC>=0, _xlpm.dC, 99999), IF(_xlpm.fC=99999, "YA SE VENCIÓ", "EL VENCIMIENTO DE RC se vence en " & _xlpm.fC & " días" ) ) ) ) -> #NAME? | H17: =_xludf.LET( _xlpm.m, F17 - TODAY(), _xlpm.m ) -> #NAME?
A18: =Consolidado!A48 -> 42 | B18: =Consolidado!D48 -> Geografía del Desarrollo Regional y Ambiental | C18: =Consolidado!AJ48 -> 46570 | D18: =_xludf.LET( _xlpm.h, TODAY(), IF(ISBLANK(C18), "SIN FECHA", _xludf.LET( _xlpm.dC, C18 - _xlpm.h, _xlpm.fC, IF(_xlpm.dC>=0, _xlpm.dC, 99999), IF(_xlpm.fC=99999, "YA SE VENCIÓ", "EL VENCIMIENTO DE RC se vence en " & _xlpm.fC & " días" ) ) ) ) -> #NAME? | E18: =_xludf.LET( _xlpm.m, C18 - TODAY(), _xlpm.m ) -> #NAME? | F18: =Consolidado!AH48 -> 46144 | G18: =_xludf.LET( _xlpm.h, TODAY(), IF(ISBLANK(F18), "SIN FECHA", _xludf.LET( _xlpm.dC, F18 - _xlpm.h, _xlpm.fC, IF(_xlpm.dC>=0, _xlpm.dC, 99999), IF(_xlpm.fC=99999, "YA SE VENCIÓ", "EL VENCIMIENTO DE RC se vence en " & _xlpm.fC & " días" ) ) ) ) -> #NAME? | H18: =_xludf.LET( _xlpm.m, F18 - TODAY(), _xlpm.m ) -> #NAME?
A19: =Consolidado!A13 -> 7 | B19: =Consolidado!D13 -> Ingeniería Agroindustrial | C19: =Consolidado!AJ13 -> 46585 | D19: =_xludf.LET( _xlpm.h, TODAY(), IF(ISBLANK(C19), "SIN FECHA", _xludf.LET( _xlpm.dC, C19 - _xlpm.h, _xlpm.fC, IF(_xlpm.dC>=0, _xlpm.dC, 99999), IF(_xlpm.fC=99999, "YA SE VENCIÓ", "EL VENCIMIENTO DE RC se vence en " & _xlpm.fC & " días" ) ) ) ) -> #NAME? | E19: =_xludf.LET( _xlpm.m, C19 - TODAY(), _xlpm.m ) -> #NAME? | F19: =Consolidado!AH13 -> 46159 | G19: =_xludf.LET( _xlpm.h, TODAY(), IF(ISBLANK(F19), "SIN FECHA", _xludf.LET( _xlpm.dC, F19 - _xlpm.h, _xlpm.fC, IF(_xlpm.dC>=0, _xlpm.dC, 99999), IF(_xlpm.fC=99999, "YA SE VENCIÓ", "EL VENCIMIENTO DE RC se vence en " & _xlpm.fC & " días" ) ) ) ) -> #NAME? | H19: =_xludf.LET( _xlpm.m, F19 - TODAY(), _xlpm.m ) -> #NAME?
A20: =Consolidado!A115 -> 109 | B20: =Consolidado!D115 -> Tecnología en Telemática | C20: =Consolidado!AJ115 -> 46585 | D20: =_xludf.LET( _xlpm.h, TODAY(), IF(ISBLANK(C20), "SIN FECHA", _xludf.LET( _xlpm.dC, C20 - _xlpm.h, _xlpm.fC, IF(_xlpm.dC>=0, _xlpm.dC, 99999), IF(_xlpm.fC=99999, "YA SE VENCIÓ", "EL VENCIMIENTO DE RC se vence en " & _xlpm.fC & " días" ) ) ) ) -> #NAME? | E20: =_xludf.LET( _xlpm.m, C20 - TODAY(), _xlpm.m ) -> #NAME? | F20: =Consolidado!AH115 -> 46159 | G20: =_xludf.LET( _xlpm.h, TODAY(), IF(ISBLANK(F20), "SIN FECHA", _xludf.LET( _xlpm.dC, F20 - _xlpm.h, _xlpm.fC, IF(_xlpm.dC>=0, _xlpm.dC, 99999), IF(_xlpm.fC=99999, "YA SE VENCIÓ", "EL VENCIMIENTO DE RC se vence en " & _xlpm.fC & " días" ) ) ) ) -> #NAME? | H20: =_xludf.LET( _xlpm.m, F20 - TODAY(), _xlpm.m ) -> #NAME?
A21: =Consolidado!A113 -> 107 | B21: =Consolidado!D113 -> Maestría en Ingeniería Telemática | C21: =Consolidado!AJ113 -> 46592 | D21: =_xludf.LET( _xlpm.h, TODAY(), IF(ISBLANK(C21), "SIN FECHA", _xludf.LET( _xlpm.dC, C21 - _xlpm.h, _xlpm.fC, IF(_xlpm.dC>=0, _xlpm.dC, 99999), IF(_xlpm.fC=99999, "YA SE VENCIÓ", "EL VENCIMIENTO DE RC se vence en " & _xlpm.fC & " días" ) ) ) ) -> #NAME? | E21: =_xludf.LET( _xlpm.m, C21 - TODAY(), _xlpm.m ) -> #NAME? | F21: =Consolidado!AH113 -> 46166 | G21: =_xludf.LET( _xlpm.h, TODAY(), IF(ISBLANK(F21), "SIN FECHA", _xludf.LET( _xlpm.dC, F21 - _xlpm.h, _xlpm.fC, IF(_xlpm.dC>=0, _xlpm.dC, 99999), IF(_xlpm.fC=99999, "YA SE VENCIÓ", "EL VENCIMIENTO DE RC se vence en " & _xlpm.fC & " días" ) ) ) ) -> #NAME? | H21: =_xludf.LET( _xlpm.m, F21 - TODAY(), _xlpm.m ) -> #NAME?
A22: =Consolidado!A99 -> 93 | B22: =Consolidado!D99 -> Especialización en Estructuras | C22: =Consolidado!AJ99 -> 46603 | D22: =_xludf.LET( _xlpm.h, TODAY(), IF(ISBLANK(C22), "SIN FECHA", _xludf.LET( _xlpm.dC, C22 - _xlpm.h, _xlpm.fC, IF(_xlpm.dC>=0, _xlpm.dC, 99999), IF(_xlpm.fC=99999, "YA SE VENCIÓ", "EL VENCIMIENTO DE RC se vence en " & _xlpm.fC & " días" ) ) ) ) -> #NAME? | E22: =_xludf.LET( _xlpm.m, C22 - TODAY(), _xlpm.m ) -> #NAME? | F22: =Consolidado!AH99 -> 46177 | G22: =_xludf.LET( _xlpm.h, TODAY(), IF(ISBLANK(F22), "SIN FECHA", _xludf.LET( _xlpm.dC, F22 - _xlpm.h, _xlpm.fC, IF(_xlpm.dC>=0, _xlpm.dC, 99999), IF(_xlpm.fC=99999, "YA SE VENCIÓ", "EL VENCIMIENTO DE RC se vence en " & _xlpm.fC & " días" ) ) ) ) -> #NAME? | H22: =_xludf.LET( _xlpm.m, F22 - TODAY(), _xlpm.m ) -> #NAME?
A23: =Consolidado!A114 -> 108 | B23: =Consolidado!D114 -> Doctorado en Ciencias de la Computación | C23: =Consolidado!AJ114 -> 46605 | D23: =_xludf.LET( _xlpm.h, TODAY(), IF(ISBLANK(C23), "SIN FECHA", _xludf.LET( _xlpm.dC, C23 - _xlpm.h, _xlpm.fC, IF(_xlpm.dC>=0, _xlpm.dC, 99999), IF(_xlpm.fC=99999, "YA SE VENCIÓ", "EL VENCIMIENTO DE RC se vence en " & _xlpm.fC & " días" ) ) ) ) -> #NAME? | E23: =_xludf.LET( _xlpm.m, C23 - TODAY(), _xlpm.m ) -> #NAME? | F23: =Consolidado!AH114 -> 46179 | G23: =_xludf.LET( _xlpm.h, TODAY(), IF(ISBLANK(F23), "SIN FECHA", _xludf.LET( _xlpm.dC, F23 - _xlpm.h, _xlpm.fC, IF(_xlpm.dC>=0, _xlpm.dC, 99999), IF(_xlpm.fC=99999, "YA SE VENCIÓ", "EL VENCIMIENTO DE RC se vence en " & _xlpm.fC & " días" ) ) ) ) -> #NAME? | H23: =_xludf.LET( _xlpm.m, F23 - TODAY(), _xlpm.m ) -> #NAME?
A24: =Consolidado!A49 -> 43 | B24: =Consolidado!D49 -> Doctorado en Antropología | C24: =Consolidado!AJ49 -> 46623 | D24: =_xludf.LET( _xlpm.h, TODAY(), IF(ISBLANK(C24), "SIN FECHA", _xludf.LET( _xlpm.dC, C24 - _xlpm.h, _xlpm.fC, IF(_xlpm.dC>=0, _xlpm.dC, 99999), IF(_xlpm.fC=99999, "YA SE VENCIÓ", "EL VENCIMIENTO DE RC se vence en " & _xlpm.fC & " días" ) ) ) ) -> #NAME? | E24: =_xludf.LET( _xlpm.m, C24 - TODAY(), _xlpm.m ) -> #NAME? | F24: =Consolidado!AH49 -> 46197 | G24: =_xludf.LET( _xlpm.h, TODAY(), IF(ISBLANK(F24), "SIN FECHA", _xludf.LET( _xlpm.dC, F24 - _xlpm.h, _xlpm.fC, IF(_xlpm.dC>=0, _xlpm.dC, 99999), IF(_xlpm.fC=99999, "YA SE VENCIÓ", "EL VENCIMIENTO DE RC se vence en " & _xlpm.fC & " días" ) ) ) ) -> #NAME? | H24: =_xludf.LET( _xlpm.m, F24 - TODAY(), _xlpm.m ) -> #NAME?
A25: =Consolidado!A100 -> 94 | B25: =Consolidado!D100 -> Ingeniería Civil | C25: =Consolidado!AJ100 -> 46651 | D25: =_xludf.LET( _xlpm.h, TODAY(), IF(ISBLANK(C25), "SIN FECHA", _xludf.LET( _xlpm.dC, C25 - _xlpm.h, _xlpm.fC, IF(_xlpm.dC>=0, _xlpm.dC, 99999), IF(_xlpm.fC=99999, "YA SE VENCIÓ", "EL VENCIMIENTO DE RC se vence en " & _xlpm.fC & " días" ) ) ) ) -> #NAME? | E25: =_xludf.LET( _xlpm.m, C25 - TODAY(), _xlpm.m ) -> #NAME? | F25: =Consolidado!AH100 -> 46224 | G25: =_xludf.LET( _xlpm.h, TODAY(), IF(ISBLANK(F25), "SIN FECHA", _xludf.LET( _xlpm.dC, F25 - _xlpm.h, _xlpm.fC, IF(_xlpm.dC>=0, _xlpm.dC, 99999), IF(_xlpm.fC=99999, "YA SE VENCIÓ", "EL VENCIMIENTO DE RC se vence en " & _xlpm.fC & " días" ) ) ) ) -> #NAME? | H25: =_xludf.LET( _xlpm.m, F25 - TODAY(), _xlpm.m ) -> #NAME?
A26: =Consolidado!A26 -> 20 | B26: =Consolidado!D26 -> Administración de Empresas | C26: =Consolidado!AJ26 -> 46658 | D26: =_xludf.LET( _xlpm.h, TODAY(), IF(ISBLANK(C26), "SIN FECHA", _xludf.LET( _xlpm.dC, C26 - _xlpm.h, _xlpm.fC, IF(_xlpm.dC>=0, _xlpm.dC, 99999), IF(_xlpm.fC=99999, "YA SE VENCIÓ", "EL VENCIMIENTO DE RC se vence en " & _xlpm.fC & " días" ) ) ) ) -> #NAME? | E26: =_xludf.LET( _xlpm.m, C26 - TODAY(), _xlpm.m ) -> #NAME? | F26: =Consolidado!AH26 -> 46231 | G26: =_xludf.LET( _xlpm.h, TODAY(), IF(ISBLANK(F26), "SIN FECHA", _xludf.LET( _xlpm.dC, F26 - _xlpm.h, _xlpm.fC, IF(_xlpm.dC>=0, _xlpm.dC, 99999), IF(_xlpm.fC=99999, "YA SE VENCIÓ", "EL VENCIMIENTO DE RC se vence en " & _xlpm.fC & " días" ) ) ) ) -> #NAME? | H26: =_xludf.LET( _xlpm.m, F26 - TODAY(), _xlpm.m ) -> #NAME?
A27: =Consolidado!A61 -> 55 | B27: =Consolidado!D61 -> Maestría en Educación Popular | C27: =Consolidado!AJ61 -> 46716 | D27: =_xludf.LET( _xlpm.h, TODAY(), IF(ISBLANK(C27), "SIN FECHA", _xludf.LET( _xlpm.dC, C27 - _xlpm.h, _xlpm.fC, IF(_xlpm.dC>=0, _xlpm.dC, 99999), IF(_xlpm.fC=99999, "YA SE VENCIÓ", "EL VENCIMIENTO DE RC se vence en " & _xlpm.fC & " días" ) ) ) ) -> #NAME? | E27: =_xludf.LET( _xlpm.m, C27 - TODAY(), _xlpm.m ) -> #NAME? | F27: =Consolidado!AH61 -> 46290 | G27: =_xludf.LET( _xlpm.h, TODAY(), IF(ISBLANK(F27), "SIN FECHA", _xludf.LET( _xlpm.dC, F27 - _xlpm.h, _xlpm.fC, IF(_xlpm.dC>=0, _xlpm.dC, 99999), IF(_xlpm.fC=99999, "YA SE VENCIÓ", "EL VENCIMIENTO DE RC se vence en " & _xlpm.fC & " días" ) ) ) ) -> #NAME? | H27: =_xludf.LET( _xlpm.m, F27 - TODAY(), _xlpm.m ) -> #NAME?
A28: =Consolidado!A27 -> 21 | B28: =Consolidado!D27 -> Maestría en Gestión de Organizaciones y Proyectos | C28: =Consolidado!AJ27 -> 46802 | D28: =_xludf.LET( _xlpm.h, TODAY(), IF(ISBLANK(C28), "SIN FECHA", _xludf.LET( _xlpm.dC, C28 - _xlpm.h, _xlpm.fC, IF(_xlpm.dC>=0, _xlpm.dC, 99999), IF(_xlpm.fC=99999, "YA SE VENCIÓ", "EL VENCIMIENTO DE RC se vence en " & _xlpm.fC & " días" ) ) ) ) -> #NAME? | E28: =_xludf.LET( _xlpm.m, C28 - TODAY(), _xlpm.m ) -> #NAME? | F28: =Consolidado!AH27 -> 46375 | G28: =_xludf.LET( _xlpm.h, TODAY(), IF(ISBLANK(F28), "SIN FECHA", _xludf.LET( _xlpm.dC, F28 - _xlpm.h, _xlpm.fC, IF(_xlpm.dC>=0, _xlpm.dC, 99999), IF(_xlpm.fC=99999, "YA SE VENCIÓ", "EL VENCIMIENTO DE RC se vence en " & _xlpm.fC & " días" ) ) ) ) -> #NAME? | H28: =_xludf.LET( _xlpm.m, F28 - TODAY(), _xlpm.m ) -> #NAME?
A29: =Consolidado!A62 -> 56 | B29: =Consolidado!D62 -> Maestría en Educación Popular (Santander de Quilichao) | C29: =Consolidado!AJ62 -> 46802 | D29: =_xludf.LET( _xlpm.h, TODAY(), IF(ISBLANK(C29), "SIN FECHA", _xludf.LET( _xlpm.dC, C29 - _xlpm.h, _xlpm.fC, IF(_xlpm.dC>=0, _xlpm.dC, 99999), IF(_xlpm.fC=99999, "YA SE VENCIÓ", "EL VENCIMIENTO DE RC se vence en " & _xlpm.fC & " días" ) ) ) ) -> #NAME? | E29: =_xludf.LET( _xlpm.m, C29 - TODAY(), _xlpm.m ) -> #NAME? | F29: =Consolidado!AH62 -> 46375 | G29: =_xludf.LET( _xlpm.h, TODAY(), IF(ISBLANK(F29), "SIN FECHA", _xludf.LET( _xlpm.dC, F29 - _xlpm.h, _xlpm.fC, IF(_xlpm.dC>=0, _xlpm.dC, 99999), IF(_xlpm.fC=99999, "YA SE VENCIÓ", "EL VENCIMIENTO DE RC se vence en " & _xlpm.fC & " días" ) ) ) ) -> #NAME? | H29: =_xludf.LET( _xlpm.m, F29 - TODAY(), _xlpm.m ) -> #NAME? | I29: Modificación RC, Ok
A30: =Consolidado!A14 -> 8 | B30: =Consolidado!D14 -> Especialización en Sanidad en Producción Agraria Integrada | C30: =Consolidado!AJ14 -> 46815 | D30: =_xludf.LET( _xlpm.h, TODAY(), IF(ISBLANK(C30), "SIN FECHA", _xludf.LET( _xlpm.dC, C30 - _xlpm.h, _xlpm.fC, IF(_xlpm.dC>=0, _xlpm.dC, 99999), IF(_xlpm.fC=99999, "YA SE VENCIÓ", "EL VENCIMIENTO DE RC se vence en " & _xlpm.fC & " días" ) ) ) ) -> #NAME? | E30: =_xludf.LET( _xlpm.m, C30 - TODAY(), _xlpm.m ) -> #NAME? | F30: =Consolidado!AH14 -> 46390 | G30: =_xludf.LET( _xlpm.h, TODAY(), IF(ISBLANK(F30), "SIN FECHA", _xludf.LET( _xlpm.dC, F30 - _xlpm.h, _xlpm.fC, IF(_xlpm.dC>=0, _xlpm.dC, 99999), IF(_xlpm.fC=99999, "YA SE VENCIÓ", "EL VENCIMIENTO DE RC se vence en " & _xlpm.fC & " días" ) ) ) ) -> #NAME? | H30: =_xludf.LET( _xlpm.m, F30 - TODAY(), _xlpm.m ) -> #NAME?
A31: =Consolidado!A116 -> 110 | B31: =Consolidado!D116 -> Ingeniería de Sistemas | C31: =Consolidado!AJ116 -> 46817 | D31: =_xludf.LET( _xlpm.h, TODAY(), IF(ISBLANK(C31), "SIN FECHA", _xludf.LET( _xlpm.dC, C31 - _xlpm.h, _xlpm.fC, IF(_xlpm.dC>=0, _xlpm.dC, 99999), IF(_xlpm.fC=99999, "YA SE VENCIÓ", "EL VENCIMIENTO DE RC se vence en " & _xlpm.fC & " días" ) ) ) ) -> #NAME? | E31: =_xludf.LET( _xlpm.m, C31 - TODAY(), _xlpm.m ) -> #NAME? | F31: =Consolidado!AH116 -> 46392 | G31: =_xludf.LET( _xlpm.h, TODAY(), IF(ISBLANK(F31), "SIN FECHA", _xludf.LET( _xlpm.dC, F31 - _xlpm.h, _xlpm.fC, IF(_xlpm.dC>=0, _xlpm.dC, 99999), IF(_xlpm.fC=99999, "YA SE VENCIÓ", "EL VENCIMIENTO DE RC se vence en " & _xlpm.fC & " días" ) ) ) ) -> #NAME? | H31: =_xludf.LET( _xlpm.m, F31 - TODAY(), _xlpm.m ) -> #NAME?
A32: =Consolidado!A63 -> 57 | B32: =Consolidado!D63 -> Maestría en Educación (MI) | C32: =Consolidado!AJ63 -> 46842 | D32: =_xludf.LET( _xlpm.h, TODAY(), IF(ISBLANK(C32), "SIN FECHA", _xludf.LET( _xlpm.dC, C32 - _xlpm.h, _xlpm.fC, IF(_xlpm.dC>=0, _xlpm.dC, 99999), IF(_xlpm.fC=99999, "YA SE VENCIÓ", "EL VENCIMIENTO DE RC se vence en " & _xlpm.fC & " días" ) ) ) ) -> #NAME? | E32: =_xludf.LET( _xlpm.m, C32 - TODAY(), _xlpm.m ) -> #NAME? | F32: =Consolidado!AH63 -> 46417 | G32: =_xludf.LET( _xlpm.h, TODAY(), IF(ISBLANK(F32), "SIN FECHA", _xludf.LET( _xlpm.dC, F32 - _xlpm.h, _xlpm.fC, IF(_xlpm.dC>=0, _xlpm.dC, 99999), IF(_xlpm.fC=99999, "YA SE VENCIÓ", "EL VENCIMIENTO DE RC se vence en " & _xlpm.fC & " días" ) ) ) ) -> #NAME? | H32: =_xludf.LET( _xlpm.m, F32 - TODAY(), _xlpm.m ) -> #NAME?
A33: =Consolidado!A64 -> 58 | B33: =Consolidado!D64 -> Biología | C33: =Consolidado!AJ64 -> 46873 | D33: =_xludf.LET( _xlpm.h, TODAY(), IF(ISBLANK(C33), "SIN FECHA", _xludf.LET( _xlpm.dC, C33 - _xlpm.h, _xlpm.fC, IF(_xlpm.dC>=0, _xlpm.dC, 99999), IF(_xlpm.fC=99999, "YA SE VENCIÓ", "EL VENCIMIENTO DE RC se vence en " & _xlpm.fC & " días" ) ) ) ) -> #NAME? | E33: =_xludf.LET( _xlpm.m, C33 - TODAY(), _xlpm.m ) -> #NAME? | F33: =Consolidado!AH64 -> 46446 | G33: =_xludf.LET( _xlpm.h, TODAY(), IF(ISBLANK(F33), "SIN FECHA", _xludf.LET( _xlpm.dC, F33 - _xlpm.h, _xlpm.fC, IF(_xlpm.dC>=0, _xlpm.dC, 99999), IF(_xlpm.fC=99999, "YA SE VENCIÓ", "EL VENCIMIENTO DE RC se vence en " & _xlpm.fC & " días" ) ) ) ) -> #NAME? | H33: =_xludf.LET( _xlpm.m, F33 - TODAY(), _xlpm.m ) -> #NAME?
A34: =Consolidado!A90 -> 84 | B34: =Consolidado!D90 -> Ciencia Política | C34: =Consolidado!AJ90 -> 46906 | D34: =_xludf.LET( _xlpm.h, TODAY(), IF(ISBLANK(C34), "SIN FECHA", _xludf.LET( _xlpm.dC, C34 - _xlpm.h, _xlpm.fC, IF(_xlpm.dC>=0, _xlpm.dC, 99999), IF(_xlpm.fC=99999, "YA SE VENCIÓ", "EL VENCIMIENTO DE RC se vence en " & _xlpm.fC & " días" ) ) ) ) -> #NAME? | E34: =_xludf.LET( _xlpm.m, C34 - TODAY(), _xlpm.m ) -> #NAME? | F34: =Consolidado!AH90 -> 46479 | G34: =_xludf.LET( _xlpm.h, TODAY(), IF(ISBLANK(F34), "SIN FECHA", _xludf.LET( _xlpm.dC, F34 - _xlpm.h, _xlpm.fC, IF(_xlpm.dC>=0, _xlpm.dC, 99999), IF(_xlpm.fC=99999, "YA SE VENCIÓ", "EL VENCIMIENTO DE RC se vence en " & _xlpm.fC & " días" ) ) ) ) -> #NAME? | H34: =_xludf.LET( _xlpm.m, F34 - TODAY(), _xlpm.m ) -> #NAME?
A35: =Consolidado!A91 -> 85 | B35: =Consolidado!D91 -> Especialización en Derecho de Familia | C35: =Consolidado!AJ91 -> 46933 | D35: =_xludf.LET( _xlpm.h, TODAY(), IF(ISBLANK(C35), "SIN FECHA", _xludf.LET( _xlpm.dC, C35 - _xlpm.h, _xlpm.fC, IF(_xlpm.dC>=0, _xlpm.dC, 99999), IF(_xlpm.fC=99999, "YA SE VENCIÓ", "EL VENCIMIENTO DE RC se vence en " & _xlpm.fC & " días" ) ) ) ) -> #NAME? | E35: =_xludf.LET( _xlpm.m, C35 - TODAY(), _xlpm.m ) -> #NAME? | F35: =Consolidado!AH91 -> 46506 | G35: =_xludf.LET( _xlpm.h, TODAY(), IF(ISBLANK(F35), "SIN FECHA", _xludf.LET( _xlpm.dC, F35 - _xlpm.h, _xlpm.fC, IF(_xlpm.dC>=0, _xlpm.dC, 99999), IF(_xlpm.fC=99999, "YA SE VENCIÓ", "EL VENCIMIENTO DE RC se vence en " & _xlpm.fC & " días" ) ) ) ) -> #NAME? | H35: =_xludf.LET( _xlpm.m, F35 - TODAY(), _xlpm.m ) -> #NAME?
A36: =Consolidado!A117 -> 111 | B36: =Consolidado!D117 -> Maestría en Electrónica y Telecomunicaciones | C36: =Consolidado!AJ117 -> 46947 | D36: =_xludf.LET( _xlpm.h, TODAY(), IF(ISBLANK(C36), "SIN FECHA", _xludf.LET( _xlpm.dC, C36 - _xlpm.h, _xlpm.fC, IF(_xlpm.dC>=0, _xlpm.dC, 99999), IF(_xlpm.fC=99999, "YA SE VENCIÓ", "EL VENCIMIENTO DE RC se vence en " & _xlpm.fC & " días" ) ) ) ) -> #NAME? | E36: =_xludf.LET( _xlpm.m, C36 - TODAY(), _xlpm.m ) -> #NAME? | F36: =Consolidado!AH117 -> 46520 | G36: =_xludf.LET( _xlpm.h, TODAY(), IF(ISBLANK(F36), "SIN FECHA", _xludf.LET( _xlpm.dC, F36 - _xlpm.h, _xlpm.fC, IF(_xlpm.dC>=0, _xlpm.dC, 99999), IF(_xlpm.fC=99999, "YA SE VENCIÓ", "EL VENCIMIENTO DE RC se vence en " & _xlpm.fC & " días" ) ) ) ) -> #NAME? | H36: =_xludf.LET( _xlpm.m, F36 - TODAY(), _xlpm.m ) -> #NAME?
A37: =Consolidado!A92 -> 86 | B37: =Consolidado!D92 -> Especialización en Gobierno y Políticas Públicas | C37: =Consolidado!AJ92 -> 46971 | D37: =_xludf.LET( _xlpm.h, TODAY(), IF(ISBLANK(C37), "SIN FECHA", _xludf.LET( _xlpm.dC, C37 - _xlpm.h, _xlpm.fC, IF(_xlpm.dC>=0, _xlpm.dC, 99999), IF(_xlpm.fC=99999, "YA SE VENCIÓ", "EL VENCIMIENTO DE RC se vence en " & _xlpm.fC & " días" ) ) ) ) -> #NAME? | E37: =_xludf.LET( _xlpm.m, C37 - TODAY(), _xlpm.m ) -> #NAME? | F37: =Consolidado!AH92 -> 46544 | G37: =_xludf.LET( _xlpm.h, TODAY(), IF(ISBLANK(F37), "SIN FECHA", _xludf.LET( _xlpm.dC, F37 - _xlpm.h, _xlpm.fC, IF(_xlpm.dC>=0, _xlpm.dC, 99999), IF(_xlpm.fC=99999, "YA SE VENCIÓ", "EL VENCIMIENTO DE RC se vence en " & _xlpm.fC & " días" ) ) ) ) -> #NAME? | H37: =_xludf.LET( _xlpm.m, F37 - TODAY(), _xlpm.m ) -> #NAME?
A38: =Consolidado!A118 -> 112 | B38: =Consolidado!D118 -> Doctorado en Ingeniería Telemática | C38: =Consolidado!AJ118 -> 47004 | D38: =_xludf.LET( _xlpm.h, TODAY(), IF(ISBLANK(C38), "SIN FECHA", _xludf.LET( _xlpm.dC, C38 - _xlpm.h, _xlpm.fC, IF(_xlpm.dC>=0, _xlpm.dC, 99999), IF(_xlpm.fC=99999, "YA SE VENCIÓ", "EL VENCIMIENTO DE RC se vence en " & _xlpm.fC & " días" ) ) ) ) -> #NAME? | E38: =_xludf.LET( _xlpm.m, C38 - TODAY(), _xlpm.m ) -> #NAME? | F38: =Consolidado!AH118 -> 46576 | G38: =_xludf.LET( _xlpm.h, TODAY(), IF(ISBLANK(F38), "SIN FECHA", _xludf.LET( _xlpm.dC, F38 - _xlpm.h, _xlpm.fC, IF(_xlpm.dC>=0, _xlpm.dC, 99999), IF(_xlpm.fC=99999, "YA SE VENCIÓ", "EL VENCIMIENTO DE RC se vence en " & _xlpm.fC & " días" ) ) ) ) -> #NAME? | H38: =_xludf.LET( _xlpm.m, F38 - TODAY(), _xlpm.m ) -> #NAME?
A39: =Consolidado!A65 -> 59 | B39: =Consolidado!D65 -> Maestría en Ingeniería Física | C39: =Consolidado!AJ65 -> 47006 | D39: =_xludf.LET( _xlpm.h, TODAY(), IF(ISBLANK(C39), "SIN FECHA", _xludf.LET( _xlpm.dC, C39 - _xlpm.h, _xlpm.fC, IF(_xlpm.dC>=0, _xlpm.dC, 99999), IF(_xlpm.fC=99999, "YA SE VENCIÓ", "EL VENCIMIENTO DE RC se vence en " & _xlpm.fC & " días" ) ) ) ) -> #NAME? | E39: =_xludf.LET( _xlpm.m, C39 - TODAY(), _xlpm.m ) -> #NAME? | F39: =Consolidado!AH65 -> 46578 | G39: =_xludf.LET( _xlpm.h, TODAY(), IF(ISBLANK(F39), "SIN FECHA", _xludf.LET( _xlpm.dC, F39 - _xlpm.h, _xlpm.fC, IF(_xlpm.dC>=0, _xlpm.dC, 99999), IF(_xlpm.fC=99999, "YA SE VENCIÓ", "EL VENCIMIENTO DE RC se vence en " & _xlpm.fC & " días" ) ) ) ) -> #NAME? | H39: =_xludf.LET( _xlpm.m, F39 - TODAY(), _xlpm.m ) -> #NAME?
A40: =Consolidado!A66 -> 60 | B40: =Consolidado!D66 -> Maestría en Biología | C40: =Consolidado!AJ66 -> 47012 | D40: =_xludf.LET( _xlpm.h, TODAY(), IF(ISBLANK(C40), "SIN FECHA", _xludf.LET( _xlpm.dC, C40 - _xlpm.h, _xlpm.fC, IF(_xlpm.dC>=0, _xlpm.dC, 99999), IF(_xlpm.fC=99999, "YA SE VENCIÓ", "EL VENCIMIENTO DE RC se vence en " & _xlpm.fC & " días" ) ) ) ) -> #NAME? | E40: =_xludf.LET( _xlpm.m, C40 - TODAY(), _xlpm.m ) -> #NAME? | F40: =Consolidado!AH66 -> 46584 | G40: =_xludf.LET( _xlpm.h, TODAY(), IF(ISBLANK(F40), "SIN FECHA", _xludf.LET( _xlpm.dC, F40 - _xlpm.h, _xlpm.fC, IF(_xlpm.dC>=0, _xlpm.dC, 99999), IF(_xlpm.fC=99999, "YA SE VENCIÓ", "EL VENCIMIENTO DE RC se vence en " & _xlpm.fC & " días" ) ) ) ) -> #NAME? | H40: =_xludf.LET( _xlpm.m, F40 - TODAY(), _xlpm.m ) -> #NAME?
A41: =Consolidado!A7 -> 1 | B41: =Consolidado!D7 -> Artes Plásticas | C41: =Consolidado!AJ7 -> 47037 | D41: =_xludf.LET( _xlpm.h, TODAY(), IF(ISBLANK(C41), "SIN FECHA", _xludf.LET( _xlpm.dC, C41 - _xlpm.h, _xlpm.fC, IF(_xlpm.dC>=0, _xlpm.dC, 99999), IF(_xlpm.fC=99999, "YA SE VENCIÓ", "EL VENCIMIENTO DE RC se vence en " & _xlpm.fC & " días" ) ) ) ) -> #NAME? | E41: =_xludf.LET( _xlpm.m, C41 - TODAY(), _xlpm.m ) -> #NAME? | F41: =Consolidado!AH7 -> 46610 | G41: =_xludf.LET( _xlpm.h, TODAY(), IF(ISBLANK(F41), "SIN FECHA", _xludf.LET( _xlpm.dC, F41 - _xlpm.h, _xlpm.fC, IF(_xlpm.dC>=0, _xlpm.dC, 99999), IF(_xlpm.fC=99999, "YA SE VENCIÓ", "EL VENCIMIENTO DE RC se vence en " & _xlpm.fC & " días" ) ) ) ) -> #NAME? | H41: =_xludf.LET( _xlpm.m, F41 - TODAY(), _xlpm.m ) -> #NAME?
A42: =Consolidado!A8 -> 2 | B42: =Consolidado!D8 -> Maestría en Música | C42: =Consolidado!AJ8 -> 47037 | D42: =_xludf.LET( _xlpm.h, TODAY(), IF(ISBLANK(C42), "SIN FECHA", _xludf.LET( _xlpm.dC, C42 - _xlpm.h, _xlpm.fC, IF(_xlpm.dC>=0, _xlpm.dC, 99999), IF(_xlpm.fC=99999, "YA SE VENCIÓ", "EL VENCIMIENTO DE RC se vence en " & _xlpm.fC & " días" ) ) ) ) -> #NAME? | E42: =_xludf.LET( _xlpm.m, C42 - TODAY(), _xlpm.m ) -> #NAME? | F42: =Consolidado!AH8 -> 46610 | G42: =_xludf.LET( _xlpm.h, TODAY(), IF(ISBLANK(F42), "SIN FECHA", _xludf.LET( _xlpm.dC, F42 - _xlpm.h, _xlpm.fC, IF(_xlpm.dC>=0, _xlpm.dC, 99999), IF(_xlpm.fC=99999, "YA SE VENCIÓ", "EL VENCIMIENTO DE RC se vence en " & _xlpm.fC & " días" ) ) ) ) -> #NAME? | H42: =_xludf.LET( _xlpm.m, F42 - TODAY(), _xlpm.m ) -> #NAME?
A43: =Consolidado!A101 -> 95 | B43: =Consolidado!D101 -> Maestría en Ingeniería de la Construcción | C43: =Consolidado!AJ101 -> 47037 | D43: =_xludf.LET( _xlpm.h, TODAY(), IF(ISBLANK(C43), "SIN FECHA", _xludf.LET( _xlpm.dC, C43 - _xlpm.h, _xlpm.fC, IF(_xlpm.dC>=0, _xlpm.dC, 99999), IF(_xlpm.fC=99999, "YA SE VENCIÓ", "EL VENCIMIENTO DE RC se vence en " & _xlpm.fC & " días" ) ) ) ) -> #NAME? | E43: =_xludf.LET( _xlpm.m, C43 - TODAY(), _xlpm.m ) -> #NAME? | F43: =Consolidado!AH101 -> 46610 | G43: =_xludf.LET( _xlpm.h, TODAY(), IF(ISBLANK(F43), "SIN FECHA", _xludf.LET( _xlpm.dC, F43 - _xlpm.h, _xlpm.fC, IF(_xlpm.dC>=0, _xlpm.dC, 99999), IF(_xlpm.fC=99999, "YA SE VENCIÓ", "EL VENCIMIENTO DE RC se vence en " & _xlpm.fC & " días" ) ) ) ) -> #NAME? | H43: =_xludf.LET( _xlpm.m, F43 - TODAY(), _xlpm.m ) -> #NAME?
A44: =Consolidado!A102 -> 96 | B44: =Consolidado!D102 -> Maestría en Ingeniería de Pavimentos | C44: =Consolidado!AJ102 -> 47037 | D44: =_xludf.LET( _xlpm.h, TODAY(), IF(ISBLANK(C44), "SIN FECHA", _xludf.LET( _xlpm.dC, C44 - _xlpm.h, _xlpm.fC, IF(_xlpm.dC>=0, _xlpm.dC, 99999), IF(_xlpm.fC=99999, "YA SE VENCIÓ", "EL VENCIMIENTO DE RC se vence en " & _xlpm.fC & " días" ) ) ) ) -> #NAME? | E44: =_xludf.LET( _xlpm.m, C44 - TODAY(), _xlpm.m ) -> #NAME? | F44: =Consolidado!AH102 -> 46610 | G44: =_xludf.LET( _xlpm.h, TODAY(), IF(ISBLANK(F44), "SIN FECHA", _xludf.LET( _xlpm.dC, F44 - _xlpm.h, _xlpm.fC, IF(_xlpm.dC>=0, _xlpm.dC, 99999), IF(_xlpm.fC=99999, "YA SE VENCIÓ", "EL VENCIMIENTO DE RC se vence en " & _xlpm.fC & " días" ) ) ) ) -> #NAME? | H44: =_xludf.LET( _xlpm.m, F44 - TODAY(), _xlpm.m ) -> #NAME?
A45: =Consolidado!A119 -> 113 | B45: =Consolidado!D119 -> Maestría en Telecomunicaciones | C45: =Consolidado!AJ119 -> 47037 | D45: =_xludf.LET( _xlpm.h, TODAY(), IF(ISBLANK(C45), "SIN FECHA", _xludf.LET( _xlpm.dC, C45 - _xlpm.h, _xlpm.fC, IF(_xlpm.dC>=0, _xlpm.dC, 99999), IF(_xlpm.fC=99999, "YA SE VENCIÓ", "EL VENCIMIENTO DE RC se vence en " & _xlpm.fC & " días" ) ) ) ) -> #NAME? | E45: =_xludf.LET( _xlpm.m, C45 - TODAY(), _xlpm.m ) -> #NAME? | F45: =Consolidado!AH119 -> 46610 | G45: =_xludf.LET( _xlpm.h, TODAY(), IF(ISBLANK(F45), "SIN FECHA", _xludf.LET( _xlpm.dC, F45 - _xlpm.h, _xlpm.fC, IF(_xlpm.dC>=0, _xlpm.dC, 99999), IF(_xlpm.fC=99999, "YA SE VENCIÓ", "EL VENCIMIENTO DE RC se vence en " & _xlpm.fC & " días" ) ) ) ) -> #NAME? | H45: =_xludf.LET( _xlpm.m, F45 - TODAY(), _xlpm.m ) -> #NAME?
A46: =Consolidado!A103 -> 97 | B46: =Consolidado!D103 -> Geotecnología | C46: =Consolidado!AJ103 -> 47039 | D46: =_xludf.LET( _xlpm.h, TODAY(), IF(ISBLANK(C46), "SIN FECHA", _xludf.LET( _xlpm.dC, C46 - _xlpm.h, _xlpm.fC, IF(_xlpm.dC>=0, _xlpm.dC, 99999), IF(_xlpm.fC=99999, "YA SE VENCIÓ", "EL VENCIMIENTO DE RC se vence en " & _xlpm.fC & " días" ) ) ) ) -> #NAME? | E46: =_xludf.LET( _xlpm.m, C46 - TODAY(), _xlpm.m ) -> #NAME? | F46: =Consolidado!AH103 -> 46612 | G46: =_xludf.LET( _xlpm.h, TODAY(), IF(ISBLANK(F46), "SIN FECHA", _xludf.LET( _xlpm.dC, F46 - _xlpm.h, _xlpm.fC, IF(_xlpm.dC>=0, _xlpm.dC, 99999), IF(_xlpm.fC=99999, "YA SE VENCIÓ", "EL VENCIMIENTO DE RC se vence en " & _xlpm.fC & " días" ) ) ) ) -> #NAME? | H46: =_xludf.LET( _xlpm.m, F46 - TODAY(), _xlpm.m ) -> #NAME?
A47: =Consolidado!A33 -> 27 | B47: =Consolidado!D33 -> Maestría en Desarrollo Humano y Salud | C47: =Consolidado!AJ33 -> 47045 | D47: =_xludf.LET( _xlpm.h, TODAY(), IF(ISBLANK(C47), "SIN FECHA", _xludf.LET( _xlpm.dC, C47 - _xlpm.h, _xlpm.fC, IF(_xlpm.dC>=0, _xlpm.dC, 99999), IF(_xlpm.fC=99999, "YA SE VENCIÓ", "EL VENCIMIENTO DE RC se vence en " & _xlpm.fC & " días" ) ) ) ) -> #NAME? | E47: =_xludf.LET( _xlpm.m, C47 - TODAY(), _xlpm.m ) -> #NAME? | F47: =Consolidado!AH33 -> 46618 | G47: =_xludf.LET( _xlpm.h, TODAY(), IF(ISBLANK(F47), "SIN FECHA", _xludf.LET( _xlpm.dC, F47 - _xlpm.h, _xlpm.fC, IF(_xlpm.dC>=0, _xlpm.dC, 99999), IF(_xlpm.fC=99999, "YA SE VENCIÓ", "EL VENCIMIENTO DE RC se vence en " & _xlpm.fC & " días" ) ) ) ) -> #NAME? | H47: =_xludf.LET( _xlpm.m, F47 - TODAY(), _xlpm.m ) -> #NAME?
A48: =Consolidado!A67 -> 61 | B48: =Consolidado!D67 -> Maestría en Educación, Estudios del Cuerpo y la Motricidad | C48: =Consolidado!AJ67 -> 47097 | D48: =_xludf.LET( _xlpm.h, TODAY(), IF(ISBLANK(C48), "SIN FECHA", _xludf.LET( _xlpm.dC, C48 - _xlpm.h, _xlpm.fC, IF(_xlpm.dC>=0, _xlpm.dC, 99999), IF(_xlpm.fC=99999, "YA SE VENCIÓ", "EL VENCIMIENTO DE RC se vence en " & _xlpm.fC & " días" ) ) ) ) -> #NAME? | E48: =_xludf.LET( _xlpm.m, C48 - TODAY(), _xlpm.m ) -> #NAME? | F48: =Consolidado!AH67 -> 46670 | G48: =_xludf.LET( _xlpm.h, TODAY(), IF(ISBLANK(F48), "SIN FECHA", _xludf.LET( _xlpm.dC, F48 - _xlpm.h, _xlpm.fC, IF(_xlpm.dC>=0, _xlpm.dC, 99999), IF(_xlpm.fC=99999, "YA SE VENCIÓ", "EL VENCIMIENTO DE RC se vence en " & _xlpm.fC & " días" ) ) ) ) -> #NAME? | H48: =_xludf.LET( _xlpm.m, F48 - TODAY(), _xlpm.m ) -> #NAME?
A49: =Consolidado!A104 -> 98 | B49: =Consolidado!D104 -> Maestría en Ingeniería de Vías Terrestres | C49: =Consolidado!AJ104 -> 47097 | D49: =_xludf.LET( _xlpm.h, TODAY(), IF(ISBLANK(C49), "SIN FECHA", _xludf.LET( _xlpm.dC, C49 - _xlpm.h, _xlpm.fC, IF(_xlpm.dC>=0, _xlpm.dC, 99999), IF(_xlpm.fC=99999, "YA SE VENCIÓ", "EL VENCIMIENTO DE RC se vence en " & _xlpm.fC & " días" ) ) ) ) -> #NAME? | E49: =_xludf.LET( _xlpm.m, C49 - TODAY(), _xlpm.m ) -> #NAME? | F49: =Consolidado!AH104 -> 46670 | G49: =_xludf.LET( _xlpm.h, TODAY(), IF(ISBLANK(F49), "SIN FECHA", _xludf.LET( _xlpm.dC, F49 - _xlpm.h, _xlpm.fC, IF(_xlpm.dC>=0, _xlpm.dC, 99999), IF(_xlpm.fC=99999, "YA SE VENCIÓ", "EL VENCIMIENTO DE RC se vence en " & _xlpm.fC & " días" ) ) ) ) -> #NAME? | H49: =_xludf.LET( _xlpm.m, F49 - TODAY(), _xlpm.m ) -> #NAME?
A50: =Consolidado!A105 -> 99 | B50: =Consolidado!D105 -> Maestría en Ingeniería de Vías Terrestres | C50: =Consolidado!AJ105 -> 47097 | D50: =_xludf.LET( _xlpm.h, TODAY(), IF(ISBLANK(C50), "SIN FECHA", _xludf.LET( _xlpm.dC, C50 - _xlpm.h, _xlpm.fC, IF(_xlpm.dC>=0, _xlpm.dC, 99999), IF(_xlpm.fC=99999, "YA SE VENCIÓ", "EL VENCIMIENTO DE RC se vence en " & _xlpm.fC & " días" ) ) ) ) -> #NAME? | E50: =_xludf.LET( _xlpm.m, C50 - TODAY(), _xlpm.m ) -> #NAME? | F50: =Consolidado!AH105 -> 46670 | G50: =_xludf.LET( _xlpm.h, TODAY(), IF(ISBLANK(F50), "SIN FECHA", _xludf.LET( _xlpm.dC, F50 - _xlpm.h, _xlpm.fC, IF(_xlpm.dC>=0, _xlpm.dC, 99999), IF(_xlpm.fC=99999, "YA SE VENCIÓ", "EL VENCIMIENTO DE RC se vence en " & _xlpm.fC & " días" ) ) ) ) -> #NAME? | H50: =_xludf.LET( _xlpm.m, F50 - TODAY(), _xlpm.m ) -> #NAME?
A51: =Consolidado!A68 -> 62 | B51: =Consolidado!D68 -> Maestría en Educación Superior | C51: =Consolidado!AJ68 -> 47110 | D51: =_xludf.LET( _xlpm.h, TODAY(), IF(ISBLANK(C51), "SIN FECHA", _xludf.LET( _xlpm.dC, C51 - _xlpm.h, _xlpm.fC, IF(_xlpm.dC>=0, _xlpm.dC, 99999), IF(_xlpm.fC=99999, "YA SE VENCIÓ", "EL VENCIMIENTO DE RC se vence en " & _xlpm.fC & " días" ) ) ) ) -> #NAME? | E51: =_xludf.LET( _xlpm.m, C51 - TODAY(), _xlpm.m ) -> #NAME? | F51: =Consolidado!AH68 -> 46683 | G51: =_xludf.LET( _xlpm.h, TODAY(), IF(ISBLANK(F51), "SIN FECHA", _xludf.LET( _xlpm.dC, F51 - _xlpm.h, _xlpm.fC, IF(_xlpm.dC>=0, _xlpm.dC, 99999), IF(_xlpm.fC=99999, "YA SE VENCIÓ", "EL VENCIMIENTO DE RC se vence en " & _xlpm.fC & " días" ) ) ) ) -> #NAME? | H51: =_xludf.LET( _xlpm.m, F51 - TODAY(), _xlpm.m ) -> #NAME?
A52: =Consolidado!A15 -> 9 | B52: =Consolidado!D15 -> Especialización en Gestión Integral del Recurso Hídrico | C52: =Consolidado!AJ15 -> 47174 | D52: =_xludf.LET( _xlpm.h, TODAY(), IF(ISBLANK(C52), "SIN FECHA", _xludf.LET( _xlpm.dC, C52 - _xlpm.h, _xlpm.fC, IF(_xlpm.dC>=0, _xlpm.dC, 99999), IF(_xlpm.fC=99999, "YA SE VENCIÓ", "EL VENCIMIENTO DE RC se vence en " & _xlpm.fC & " días" ) ) ) ) -> #NAME? | E52: =_xludf.LET( _xlpm.m, C52 - TODAY(), _xlpm.m ) -> #NAME? | F52: =Consolidado!AH15 -> 46746 | G52: =_xludf.LET( _xlpm.h, TODAY(), IF(ISBLANK(F52), "SIN FECHA", _xludf.LET( _xlpm.dC, F52 - _xlpm.h, _xlpm.fC, IF(_xlpm.dC>=0, _xlpm.dC, 99999), IF(_xlpm.fC=99999, "YA SE VENCIÓ", "EL VENCIMIENTO DE RC se vence en " & _xlpm.fC & " días" ) ) ) ) -> #NAME? | H52: =_xludf.LET( _xlpm.m, F52 - TODAY(), _xlpm.m ) -> #NAME? | I52: Alerta roja por lugar de desarrollo 22 enero 2026
A53: =Consolidado!A28 -> 22 | B53: =Consolidado!D28 -> Maestría en Economía Regional y Políticas Públicas | C53: =Consolidado!AJ28 -> 47174 | D53: =_xludf.LET( _xlpm.h, TODAY(), IF(ISBLANK(C53), "SIN FECHA", _xludf.LET( _xlpm.dC, C53 - _xlpm.h, _xlpm.fC, IF(_xlpm.dC>=0, _xlpm.dC, 99999), IF(_xlpm.fC=99999, "YA SE VENCIÓ", "EL VENCIMIENTO DE RC se vence en " & _xlpm.fC & " días" ) ) ) ) -> #NAME? | E53: =_xludf.LET( _xlpm.m, C53 - TODAY(), _xlpm.m ) -> #NAME? | F53: =Consolidado!AH28 -> 46746 | G53: =_xludf.LET( _xlpm.h, TODAY(), IF(ISBLANK(F53), "SIN FECHA", _xludf.LET( _xlpm.dC, F53 - _xlpm.h, _xlpm.fC, IF(_xlpm.dC>=0, _xlpm.dC, 99999), IF(_xlpm.fC=99999, "YA SE VENCIÓ", "EL VENCIMIENTO DE RC se vence en " & _xlpm.fC & " días" ) ) ) ) -> #NAME? | H53: =_xludf.LET( _xlpm.m, F53 - TODAY(), _xlpm.m ) -> #NAME?
A54: =Consolidado!A69 -> 63 | B54: =Consolidado!D69 -> Licenciatura en Educación Física, Recreación y Deportes | C54: =Consolidado!AJ69 -> 47178 | D54: =_xludf.LET( _xlpm.h, TODAY(), IF(ISBLANK(C54), "SIN FECHA", _xludf.LET( _xlpm.dC, C54 - _xlpm.h, _xlpm.fC, IF(_xlpm.dC>=0, _xlpm.dC, 99999), IF(_xlpm.fC=99999, "YA SE VENCIÓ", "EL VENCIMIENTO DE RC se vence en " & _xlpm.fC & " días" ) ) ) ) -> #NAME? | E54: =_xludf.LET( _xlpm.m, C54 - TODAY(), _xlpm.m ) -> #NAME? | F54: =Consolidado!AH69 -> 46753 | G54: =_xludf.LET( _xlpm.h, TODAY(), IF(ISBLANK(F54), "SIN FECHA", _xludf.LET( _xlpm.dC, F54 - _xlpm.h, _xlpm.fC, IF(_xlpm.dC>=0, _xlpm.dC, 99999), IF(_xlpm.fC=99999, "YA SE VENCIÓ", "EL VENCIMIENTO DE RC se vence en " & _xlpm.fC & " días" ) ) ) ) -> #NAME? | H54: =_xludf.LET( _xlpm.m, F54 - TODAY(), _xlpm.m ) -> #NAME?
A55: =Consolidado!A70 -> 64 | B55: =Consolidado!D70 -> Licenciatura en Educación Artística | C55: =Consolidado!AJ70 -> 47178 | D55: =_xludf.LET( _xlpm.h, TODAY(), IF(ISBLANK(C55), "SIN FECHA", _xludf.LET( _xlpm.dC, C55 - _xlpm.h, _xlpm.fC, IF(_xlpm.dC>=0, _xlpm.dC, 99999), IF(_xlpm.fC=99999, "YA SE VENCIÓ", "EL VENCIMIENTO DE RC se vence en " & _xlpm.fC & " días" ) ) ) ) -> #NAME? | E55: =_xludf.LET( _xlpm.m, C55 - TODAY(), _xlpm.m ) -> #NAME? | F55: =Consolidado!AH70 -> 46753 | G55: =_xludf.LET( _xlpm.h, TODAY(), IF(ISBLANK(F55), "SIN FECHA", _xludf.LET( _xlpm.dC, F55 - _xlpm.h, _xlpm.fC, IF(_xlpm.dC>=0, _xlpm.dC, 99999), IF(_xlpm.fC=99999, "YA SE VENCIÓ", "EL VENCIMIENTO DE RC se vence en " & _xlpm.fC & " días" ) ) ) ) -> #NAME? | H55: =_xludf.LET( _xlpm.m, F55 - TODAY(), _xlpm.m ) -> #NAME?
A56: =Consolidado!A50 -> 44 | B56: =Consolidado!D50 -> Maestría en Antropología | C56: =Consolidado!AJ50 -> 47233 | D56: =_xludf.LET( _xlpm.h, TODAY(), IF(ISBLANK(C56), "SIN FECHA", _xludf.LET( _xlpm.dC, C56 - _xlpm.h, _xlpm.fC, IF(_xlpm.dC>=0, _xlpm.dC, 99999), IF(_xlpm.fC=99999, "YA SE VENCIÓ", "EL VENCIMIENTO DE RC se vence en " & _xlpm.fC & " días" ) ) ) ) -> #NAME? | E56: =_xludf.LET( _xlpm.m, C56 - TODAY(), _xlpm.m ) -> #NAME? | F56: =Consolidado!AH50 -> 46808 | G56: =_xludf.LET( _xlpm.h, TODAY(), IF(ISBLANK(F56), "SIN FECHA", _xludf.LET( _xlpm.dC, F56 - _xlpm.h, _xlpm.fC, IF(_xlpm.dC>=0, _xlpm.dC, 99999), IF(_xlpm.fC=99999, "YA SE VENCIÓ", "EL VENCIMIENTO DE RC se vence en " & _xlpm.fC & " días" ) ) ) ) -> #NAME? | H56: =_xludf.LET( _xlpm.m, F56 - TODAY(), _xlpm.m ) -> #NAME?
A57: =Consolidado!A29 -> 23 | B57: =Consolidado!D29 -> Maestría en Gestión del Conocimiento y la Innovación | C57: =Consolidado!AJ29 -> 47235 | D57: =_xludf.LET( _xlpm.h, TODAY(), IF(ISBLANK(C57), "SIN FECHA", _xludf.LET( _xlpm.dC, C57 - _xlpm.h, _xlpm.fC, IF(_xlpm.dC>=0, _xlpm.dC, 99999), IF(_xlpm.fC=99999, "YA SE VENCIÓ", "EL VENCIMIENTO DE RC se vence en " & _xlpm.fC & " días" ) ) ) ) -> #NAME? | E57: =_xludf.LET( _xlpm.m, C57 - TODAY(), _xlpm.m ) -> #NAME? | F57: =Consolidado!AH29 -> 46810 | G57: =_xludf.LET( _xlpm.h, TODAY(), IF(ISBLANK(F57), "SIN FECHA", _xludf.LET( _xlpm.dC, F57 - _xlpm.h, _xlpm.fC, IF(_xlpm.dC>=0, _xlpm.dC, 99999), IF(_xlpm.fC=99999, "YA SE VENCIÓ", "EL VENCIMIENTO DE RC se vence en " & _xlpm.fC & " días" ) ) ) ) -> #NAME? | H57: =_xludf.LET( _xlpm.m, F57 - TODAY(), _xlpm.m ) -> #NAME?
A58: =Consolidado!A17 -> 11 | B58: =Consolidado!D17 -> Maestría en Ciencias Agrarias | C58: =Consolidado!AJ17 -> 47272 | D58: =_xludf.LET( _xlpm.h, TODAY(), IF(ISBLANK(C58), "SIN FECHA", _xludf.LET( _xlpm.dC, C58 - _xlpm.h, _xlpm.fC, IF(_xlpm.dC>=0, _xlpm.dC, 99999), IF(_xlpm.fC=99999, "YA SE VENCIÓ", "EL VENCIMIENTO DE RC se vence en " & _xlpm.fC & " días" ) ) ) ) -> #NAME? | E58: =_xludf.LET( _xlpm.m, C58 - TODAY(), _xlpm.m ) -> #NAME? | F58: =Consolidado!AH17 -> 46846 | G58: =_xludf.LET( _xlpm.h, TODAY(), IF(ISBLANK(F58), "SIN FECHA", _xludf.LET( _xlpm.dC, F58 - _xlpm.h, _xlpm.fC, IF(_xlpm.dC>=0, _xlpm.dC, 99999), IF(_xlpm.fC=99999, "YA SE VENCIÓ", "EL VENCIMIENTO DE RC se vence en " & _xlpm.fC & " días" ) ) ) ) -> #NAME? | H58: =_xludf.LET( _xlpm.m, F58 - TODAY(), _xlpm.m ) -> #NAME? | I58: Alerta roja, cargar información del programa 22 enero 2026
A59: =Consolidado!A51 -> 45 | B59: =Consolidado!D51 -> Maestría en Ciencias Humanas | C59: =Consolidado!AJ51 -> 47272 | D59: =_xludf.LET( _xlpm.h, TODAY(), IF(ISBLANK(C59), "SIN FECHA", _xludf.LET( _xlpm.dC, C59 - _xlpm.h, _xlpm.fC, IF(_xlpm.dC>=0, _xlpm.dC, 99999), IF(_xlpm.fC=99999, "YA SE VENCIÓ", "EL VENCIMIENTO DE RC se vence en " & _xlpm.fC & " días" ) ) ) ) -> #NAME? | E59: =_xludf.LET( _xlpm.m, C59 - TODAY(), _xlpm.m ) -> #NAME? | F59: =Consolidado!AH51 -> 46846 | G59: =_xludf.LET( _xlpm.h, TODAY(), IF(ISBLANK(F59), "SIN FECHA", _xludf.LET( _xlpm.dC, F59 - _xlpm.h, _xlpm.fC, IF(_xlpm.dC>=0, _xlpm.dC, 99999), IF(_xlpm.fC=99999, "YA SE VENCIÓ", "EL VENCIMIENTO DE RC se vence en " & _xlpm.fC & " días" ) ) ) ) -> #NAME? | H59: =_xludf.LET( _xlpm.m, F59 - TODAY(), _xlpm.m ) -> #NAME?
A60: =Consolidado!A106 -> 100 | B60: =Consolidado!D106 -> Maestría en Geomática | C60: =Consolidado!AJ106 -> 47292 | D60: =_xludf.LET( _xlpm.h, TODAY(), IF(ISBLANK(C60), "SIN FECHA", _xludf.LET( _xlpm.dC, C60 - _xlpm.h, _xlpm.fC, IF(_xlpm.dC>=0, _xlpm.dC, 99999), IF(_xlpm.fC=99999, "YA SE VENCIÓ", "EL VENCIMIENTO DE RC se vence en " & _xlpm.fC & " días" ) ) ) ) -> #NAME? | E60: =_xludf.LET( _xlpm.m, C60 - TODAY(), _xlpm.m ) -> #NAME? | F60: =Consolidado!AH106 -> 46866 | G60: =_xludf.LET( _xlpm.h, TODAY(), IF(ISBLANK(F60), "SIN FECHA", _xludf.LET( _xlpm.dC, F60 - _xlpm.h, _xlpm.fC, IF(_xlpm.dC>=0, _xlpm.dC, 99999), IF(_xlpm.fC=99999, "YA SE VENCIÓ", "EL VENCIMIENTO DE RC se vence en " & _xlpm.fC & " días" ) ) ) ) -> #NAME? | H60: =_xludf.LET( _xlpm.m, F60 - TODAY(), _xlpm.m ) -> #NAME?
A61: =Consolidado!A120 -> 114 | B61: =Consolidado!D120 -> Especialización en TIC para la Innovación Educativa | C61: =Consolidado!AJ120 -> 47292 | D61: =_xludf.LET( _xlpm.h, TODAY(), IF(ISBLANK(C61), "SIN FECHA", _xludf.LET( _xlpm.dC, C61 - _xlpm.h, _xlpm.fC, IF(_xlpm.dC>=0, _xlpm.dC, 99999), IF(_xlpm.fC=99999, "YA SE VENCIÓ", "EL VENCIMIENTO DE RC se vence en " & _xlpm.fC & " días" ) ) ) ) -> #NAME? | E61: =_xludf.LET( _xlpm.m, C61 - TODAY(), _xlpm.m ) -> #NAME? | F61: =Consolidado!AH120 -> 46866 | G61: =_xludf.LET( _xlpm.h, TODAY(), IF(ISBLANK(F61), "SIN FECHA", _xludf.LET( _xlpm.dC, F61 - _xlpm.h, _xlpm.fC, IF(_xlpm.dC>=0, _xlpm.dC, 99999), IF(_xlpm.fC=99999, "YA SE VENCIÓ", "EL VENCIMIENTO DE RC se vence en " & _xlpm.fC & " días" ) ) ) ) -> #NAME? | H61: =_xludf.LET( _xlpm.m, F61 - TODAY(), _xlpm.m ) -> #NAME?
A62: =Consolidado!A34 -> 28 | B62: =Consolidado!D34 -> Fonoaudiología | C62: =Consolidado!AJ34 -> 47299 | D62: =_xludf.LET( _xlpm.h, TODAY(), IF(ISBLANK(C62), "SIN FECHA", _xludf.LET( _xlpm.dC, C62 - _xlpm.h, _xlpm.fC, IF(_xlpm.dC>=0, _xlpm.dC, 99999), IF(_xlpm.fC=99999, "YA SE VENCIÓ", "EL VENCIMIENTO DE RC se vence en " & _xlpm.fC & " días" ) ) ) ) -> #NAME? | E62: =_xludf.LET( _xlpm.m, C62 - TODAY(), _xlpm.m ) -> #NAME? | F62: =Consolidado!AH34 -> 46873 | G62: =_xludf.LET( _xlpm.h, TODAY(), IF(ISBLANK(F62), "SIN FECHA", _xludf.LET( _xlpm.dC, F62 - _xlpm.h, _xlpm.fC, IF(_xlpm.dC>=0, _xlpm.dC, 99999), IF(_xlpm.fC=99999, "YA SE VENCIÓ", "EL VENCIMIENTO DE RC se vence en " & _xlpm.fC & " días" ) ) ) ) -> #NAME? | H62: =_xludf.LET( _xlpm.m, F62 - TODAY(), _xlpm.m ) -> #NAME?
A63: =Consolidado!A18 -> 12 | B63: =Consolidado!D18 -> Doctorado en Ciencias Agrarias y Agroindustriales | C63: =Consolidado!AJ18 -> 47305 | D63: =_xludf.LET( _xlpm.h, TODAY(), IF(ISBLANK(C63), "SIN FECHA", _xludf.LET( _xlpm.dC, C63 - _xlpm.h, _xlpm.fC, IF(_xlpm.dC>=0, _xlpm.dC, 99999), IF(_xlpm.fC=99999, "YA SE VENCIÓ", "EL VENCIMIENTO DE RC se vence en " & _xlpm.fC & " días" ) ) ) ) -> #NAME? | E63: =_xludf.LET( _xlpm.m, C63 - TODAY(), _xlpm.m ) -> #NAME? | F63: =Consolidado!AH18 -> 46879 | G63: =_xludf.LET( _xlpm.h, TODAY(), IF(ISBLANK(F63), "SIN FECHA", _xludf.LET( _xlpm.dC, F63 - _xlpm.h, _xlpm.fC, IF(_xlpm.dC>=0, _xlpm.dC, 99999), IF(_xlpm.fC=99999, "YA SE VENCIÓ", "EL VENCIMIENTO DE RC se vence en " & _xlpm.fC & " días" ) ) ) ) -> #NAME? | H63: =_xludf.LET( _xlpm.m, F63 - TODAY(), _xlpm.m ) -> #NAME?
A64: =Consolidado!A35 -> 29 | B64: =Consolidado!D35 -> Especialización en Anestesiología | C64: =Consolidado!AJ35 -> 47334 | D64: =_xludf.LET( _xlpm.h, TODAY(), IF(ISBLANK(C64), "SIN FECHA", _xludf.LET( _xlpm.dC, C64 - _xlpm.h, _xlpm.fC, IF(_xlpm.dC>=0, _xlpm.dC, 99999), IF(_xlpm.fC=99999, "YA SE VENCIÓ", "EL VENCIMIENTO DE RC se vence en " & _xlpm.fC & " días" ) ) ) ) -> #NAME? | E64: =_xludf.LET( _xlpm.m, C64 - TODAY(), _xlpm.m ) -> #NAME? | F64: =Consolidado!AH35 -> 46908 | G64: =_xludf.LET( _xlpm.h, TODAY(), IF(ISBLANK(F64), "SIN FECHA", _xludf.LET( _xlpm.dC, F64 - _xlpm.h, _xlpm.fC, IF(_xlpm.dC>=0, _xlpm.dC, 99999), IF(_xlpm.fC=99999, "YA SE VENCIÓ", "EL VENCIMIENTO DE RC se vence en " & _xlpm.fC & " días" ) ) ) ) -> #NAME? | H64: =_xludf.LET( _xlpm.m, F64 - TODAY(), _xlpm.m ) -> #NAME?
A65: =Consolidado!A36 -> 30 | B65: =Consolidado!D36 -> Especialización en Pediatría | C65: =Consolidado!AJ36 -> 47334 | D65: =_xludf.LET( _xlpm.h, TODAY(), IF(ISBLANK(C65), "SIN FECHA", _xludf.LET( _xlpm.dC, C65 - _xlpm.h, _xlpm.fC, IF(_xlpm.dC>=0, _xlpm.dC, 99999), IF(_xlpm.fC=99999, "YA SE VENCIÓ", "EL VENCIMIENTO DE RC se vence en " & _xlpm.fC & " días" ) ) ) ) -> #NAME? | E65: =_xludf.LET( _xlpm.m, C65 - TODAY(), _xlpm.m ) -> #NAME? | F65: =Consolidado!AH36 -> 46908 | G65: =_xludf.LET( _xlpm.h, TODAY(), IF(ISBLANK(F65), "SIN FECHA", _xludf.LET( _xlpm.dC, F65 - _xlpm.h, _xlpm.fC, IF(_xlpm.dC>=0, _xlpm.dC, 99999), IF(_xlpm.fC=99999, "YA SE VENCIÓ", "EL VENCIMIENTO DE RC se vence en " & _xlpm.fC & " días" ) ) ) ) -> #NAME? | H65: =_xludf.LET( _xlpm.m, F65 - TODAY(), _xlpm.m ) -> #NAME?
A66: =Consolidado!A9 -> 3 | B66: =Consolidado!D9 -> Licenciatura en Música | C66: =Consolidado!AJ9 -> 47517 | D66: =_xludf.LET( _xlpm.h, TODAY(), IF(ISBLANK(C66), "SIN FECHA", _xludf.LET( _xlpm.dC, C66 - _xlpm.h, _xlpm.fC, IF(_xlpm.dC>=0, _xlpm.dC, 99999), IF(_xlpm.fC=99999, "YA SE VENCIÓ", "EL VENCIMIENTO DE RC se vence en " & _xlpm.fC & " días" ) ) ) ) -> #NAME? | E66: =_xludf.LET( _xlpm.m, C66 - TODAY(), _xlpm.m ) -> #NAME? | F66: =Consolidado!AH9 -> 47090 | G66: =_xludf.LET( _xlpm.h, TODAY(), IF(ISBLANK(F66), "SIN FECHA", _xludf.LET( _xlpm.dC, F66 - _xlpm.h, _xlpm.fC, IF(_xlpm.dC>=0, _xlpm.dC, 99999), IF(_xlpm.fC=99999, "YA SE VENCIÓ", "EL VENCIMIENTO DE RC se vence en " & _xlpm.fC & " días" ) ) ) ) -> #NAME? | H66: =_xludf.LET( _xlpm.m, F66 - TODAY(), _xlpm.m ) -> #NAME? | I66: Revisado 22 enero 2026 ok
A67: =Consolidado!A10 -> 4 | B67: =Consolidado!D10 -> Música Instrumental | C67: =Consolidado!AJ10 -> 47517 | D67: =_xludf.LET( _xlpm.h, TODAY(), IF(ISBLANK(C67), "SIN FECHA", _xludf.LET( _xlpm.dC, C67 - _xlpm.h, _xlpm.fC, IF(_xlpm.dC>=0, _xlpm.dC, 99999), IF(_xlpm.fC=99999, "YA SE VENCIÓ", "EL VENCIMIENTO DE RC se vence en " & _xlpm.fC & " días" ) ) ) ) -> #NAME? | E67: =_xludf.LET( _xlpm.m, C67 - TODAY(), _xlpm.m ) -> #NAME? | F67: =Consolidado!AH10 -> 47090 | G67: =_xludf.LET( _xlpm.h, TODAY(), IF(ISBLANK(F67), "SIN FECHA", _xludf.LET( _xlpm.dC, F67 - _xlpm.h, _xlpm.fC, IF(_xlpm.dC>=0, _xlpm.dC, 99999), IF(_xlpm.fC=99999, "YA SE VENCIÓ", "EL VENCIMIENTO DE RC se vence en " & _xlpm.fC & " días" ) ) ) ) -> #NAME? | H67: =_xludf.LET( _xlpm.m, F67 - TODAY(), _xlpm.m ) -> #NAME?
A68: =Consolidado!A71 -> 65 | B68: =Consolidado!D71 -> Licenciatura en Ciencias Naturales y Educación Ambiental | C68: =Consolidado!AJ71 -> 47517 | D68: =_xludf.LET( _xlpm.h, TODAY(), IF(ISBLANK(C68), "SIN FECHA", _xludf.LET( _xlpm.dC, C68 - _xlpm.h, _xlpm.fC, IF(_xlpm.dC>=0, _xlpm.dC, 99999), IF(_xlpm.fC=99999, "YA SE VENCIÓ", "EL VENCIMIENTO DE RC se vence en " & _xlpm.fC & " días" ) ) ) ) -> #NAME? | E68: =_xludf.LET( _xlpm.m, C68 - TODAY(), _xlpm.m ) -> #NAME? | F68: =Consolidado!AH71 -> 47090 | G68: =_xludf.LET( _xlpm.h, TODAY(), IF(ISBLANK(F68), "SIN FECHA", _xludf.LET( _xlpm.dC, F68 - _xlpm.h, _xlpm.fC, IF(_xlpm.dC>=0, _xlpm.dC, 99999), IF(_xlpm.fC=99999, "YA SE VENCIÓ", "EL VENCIMIENTO DE RC se vence en " & _xlpm.fC & " días" ) ) ) ) -> #NAME? | H68: =_xludf.LET( _xlpm.m, F68 - TODAY(), _xlpm.m ) -> #NAME?
A69: =Consolidado!A72 -> 66 | B69: =Consolidado!D72 -> Licenciatura en Educación Básica Primaria | C69: =Consolidado!AJ72 -> 47517 | D69: =_xludf.LET( _xlpm.h, TODAY(), IF(ISBLANK(C69), "SIN FECHA", _xludf.LET( _xlpm.dC, C69 - _xlpm.h, _xlpm.fC, IF(_xlpm.dC>=0, _xlpm.dC, 99999), IF(_xlpm.fC=99999, "YA SE VENCIÓ", "EL VENCIMIENTO DE RC se vence en " & _xlpm.fC & " días" ) ) ) ) -> #NAME? | E69: =_xludf.LET( _xlpm.m, C69 - TODAY(), _xlpm.m ) -> #NAME? | F69: =Consolidado!AH72 -> 47090 | G69: =_xludf.LET( _xlpm.h, TODAY(), IF(ISBLANK(F69), "SIN FECHA", _xludf.LET( _xlpm.dC, F69 - _xlpm.h, _xlpm.fC, IF(_xlpm.dC>=0, _xlpm.dC, 99999), IF(_xlpm.fC=99999, "YA SE VENCIÓ", "EL VENCIMIENTO DE RC se vence en " & _xlpm.fC & " días" ) ) ) ) -> #NAME? | H69: =_xludf.LET( _xlpm.m, F69 - TODAY(), _xlpm.m ) -> #NAME? | I69: 22 enero 2026 ok
A70: =Consolidado!A52 -> 46 | B70: =Consolidado!D52 -> Doctorado en Ciencias Humanas | C70: =Consolidado!AJ52 -> 47535 | D70: =_xludf.LET( _xlpm.h, TODAY(), IF(ISBLANK(C70), "SIN FECHA", _xludf.LET( _xlpm.dC, C70 - _xlpm.h, _xlpm.fC, IF(_xlpm.dC>=0, _xlpm.dC, 99999), IF(_xlpm.fC=99999, "YA SE VENCIÓ", "EL VENCIMIENTO DE RC se vence en " & _xlpm.fC & " días" ) ) ) ) -> #NAME? | E70: =_xludf.LET( _xlpm.m, C70 - TODAY(), _xlpm.m ) -> #NAME? | F70: =Consolidado!AH52 -> 47108 | G70: =_xludf.LET( _xlpm.h, TODAY(), IF(ISBLANK(F70), "SIN FECHA", _xludf.LET( _xlpm.dC, F70 - _xlpm.h, _xlpm.fC, IF(_xlpm.dC>=0, _xlpm.dC, 99999), IF(_xlpm.fC=99999, "YA SE VENCIÓ", "EL VENCIMIENTO DE RC se vence en " & _xlpm.fC & " días" ) ) ) ) -> #NAME? | H70: =_xludf.LET( _xlpm.m, F70 - TODAY(), _xlpm.m ) -> #NAME?
A71: =Consolidado!A73 -> 67 | B71: =Consolidado!D73 -> Maestría en Deporte y Actividad Física | C71: =Consolidado!AJ73 -> 47535 | D71: =_xludf.LET( _xlpm.h, TODAY(), IF(ISBLANK(C71), "SIN FECHA", _xludf.LET( _xlpm.dC, C71 - _xlpm.h, _xlpm.fC, IF(_xlpm.dC>=0, _xlpm.dC, 99999), IF(_xlpm.fC=99999, "YA SE VENCIÓ", "EL VENCIMIENTO DE RC se vence en " & _xlpm.fC & " días" ) ) ) ) -> #NAME? | E71: =_xludf.LET( _xlpm.m, C71 - TODAY(), _xlpm.m ) -> #NAME? | F71: =Consolidado!AH73 -> 47108 | G71: =_xludf.LET( _xlpm.h, TODAY(), IF(ISBLANK(F71), "SIN FECHA", _xludf.LET( _xlpm.dC, F71 - _xlpm.h, _xlpm.fC, IF(_xlpm.dC>=0, _xlpm.dC, 99999), IF(_xlpm.fC=99999, "YA SE VENCIÓ", "EL VENCIMIENTO DE RC se vence en " & _xlpm.fC & " días" ) ) ) ) -> #NAME? | H71: =_xludf.LET( _xlpm.m, F71 - TODAY(), _xlpm.m ) -> #NAME? | I71: Alerta roja por lugar de desarrollo 22 enero 2026
A72: =Consolidado!A107 -> 101 | B72: =Consolidado!D107 -> Especialización en Ingeniería de Recursos Hídricos | C72: =Consolidado!AJ107 -> 47535 | D72: =_xludf.LET( _xlpm.h, TODAY(), IF(ISBLANK(C72), "SIN FECHA", _xludf.LET( _xlpm.dC, C72 - _xlpm.h, _xlpm.fC, IF(_xlpm.dC>=0, _xlpm.dC, 99999), IF(_xlpm.fC=99999, "YA SE VENCIÓ", "EL VENCIMIENTO DE RC se vence en " & _xlpm.fC & " días" ) ) ) ) -> #NAME? | E72: =_xludf.LET( _xlpm.m, C72 - TODAY(), _xlpm.m ) -> #NAME? | F72: =Consolidado!AH107 -> 47108 | G72: =_xludf.LET( _xlpm.h, TODAY(), IF(ISBLANK(F72), "SIN FECHA", _xludf.LET( _xlpm.dC, F72 - _xlpm.h, _xlpm.fC, IF(_xlpm.dC>=0, _xlpm.dC, 99999), IF(_xlpm.fC=99999, "YA SE VENCIÓ", "EL VENCIMIENTO DE RC se vence en " & _xlpm.fC & " días" ) ) ) ) -> #NAME? | H72: =_xludf.LET( _xlpm.m, F72 - TODAY(), _xlpm.m ) -> #NAME?
A73: =Consolidado!A37 -> 31 | B73: =Consolidado!D37 -> Especialización en Ginecología y Obstetricia | C73: =Consolidado!AJ37 -> 47545 | D73: =_xludf.LET( _xlpm.h, TODAY(), IF(ISBLANK(C73), "SIN FECHA", _xludf.LET( _xlpm.dC, C73 - _xlpm.h, _xlpm.fC, IF(_xlpm.dC>=0, _xlpm.dC, 99999), IF(_xlpm.fC=99999, "YA SE VENCIÓ", "EL VENCIMIENTO DE RC se vence en " & _xlpm.fC & " días" ) ) ) ) -> #NAME? | E73: =_xludf.LET( _xlpm.m, C73 - TODAY(), _xlpm.m ) -> #NAME? | F73: =Consolidado!AH37 -> 47121 | G73: =_xludf.LET( _xlpm.h, TODAY(), IF(ISBLANK(F73), "SIN FECHA", _xludf.LET( _xlpm.dC, F73 - _xlpm.h, _xlpm.fC, IF(_xlpm.dC>=0, _xlpm.dC, 99999), IF(_xlpm.fC=99999, "YA SE VENCIÓ", "EL VENCIMIENTO DE RC se vence en " & _xlpm.fC & " días" ) ) ) ) -> #NAME? | H73: =_xludf.LET( _xlpm.m, F73 - TODAY(), _xlpm.m ) -> #NAME?
A74: =Consolidado!A38 -> 32 | B74: =Consolidado!D38 -> Especialización en Cirugía General | C74: =Consolidado!AJ38 -> 47578 | D74: =_xludf.LET( _xlpm.h, TODAY(), IF(ISBLANK(C74), "SIN FECHA", _xludf.LET( _xlpm.dC, C74 - _xlpm.h, _xlpm.fC, IF(_xlpm.dC>=0, _xlpm.dC, 99999), IF(_xlpm.fC=99999, "YA SE VENCIÓ", "EL VENCIMIENTO DE RC se vence en " & _xlpm.fC & " días" ) ) ) ) -> #NAME? | E74: =_xludf.LET( _xlpm.m, C74 - TODAY(), _xlpm.m ) -> #NAME? | F74: =Consolidado!AH38 -> 47154 | G74: =_xludf.LET( _xlpm.h, TODAY(), IF(ISBLANK(F74), "SIN FECHA", _xludf.LET( _xlpm.dC, F74 - _xlpm.h, _xlpm.fC, IF(_xlpm.dC>=0, _xlpm.dC, 99999), IF(_xlpm.fC=99999, "YA SE VENCIÓ", "EL VENCIMIENTO DE RC se vence en " & _xlpm.fC & " días" ) ) ) ) -> #NAME? | H74: =_xludf.LET( _xlpm.m, F74 - TODAY(), _xlpm.m ) -> #NAME?
A75: =Consolidado!A11 -> 5 | B75: =Consolidado!D11 -> Diseño Gráfico | C75: =Consolidado!AJ11 -> 47593 | D75: =_xludf.LET( _xlpm.h, TODAY(), IF(ISBLANK(C75), "SIN FECHA", _xludf.LET( _xlpm.dC, C75 - _xlpm.h, _xlpm.fC, IF(_xlpm.dC>=0, _xlpm.dC, 99999), IF(_xlpm.fC=99999, "YA SE VENCIÓ", "EL VENCIMIENTO DE RC se vence en " & _xlpm.fC & " días" ) ) ) ) -> #NAME? | E75: =_xludf.LET( _xlpm.m, C75 - TODAY(), _xlpm.m ) -> #NAME? | F75: =Consolidado!AH11 -> 47169 | G75: =_xludf.LET( _xlpm.h, TODAY(), IF(ISBLANK(F75), "SIN FECHA", _xludf.LET( _xlpm.dC, F75 - _xlpm.h, _xlpm.fC, IF(_xlpm.dC>=0, _xlpm.dC, 99999), IF(_xlpm.fC=99999, "YA SE VENCIÓ", "EL VENCIMIENTO DE RC se vence en " & _xlpm.fC & " días" ) ) ) ) -> #NAME? | H75: =_xludf.LET( _xlpm.m, F75 - TODAY(), _xlpm.m ) -> #NAME? | I75: Revisado 22 enero 2026 Ok
A76: =Consolidado!A12 -> 6 | B76: =Consolidado!D12 -> Dirección de Banda | C76: =Consolidado!AJ12 -> 47593 | D76: =_xludf.LET( _xlpm.h, TODAY(), IF(ISBLANK(C76), "SIN FECHA", _xludf.LET( _xlpm.dC, C76 - _xlpm.h, _xlpm.fC, IF(_xlpm.dC>=0, _xlpm.dC, 99999), IF(_xlpm.fC=99999, "YA SE VENCIÓ", "EL VENCIMIENTO DE RC se vence en " & _xlpm.fC & " días" ) ) ) ) -> #NAME? | E76: =_xludf.LET( _xlpm.m, C76 - TODAY(), _xlpm.m ) -> #NAME? | F76: =Consolidado!AH12 -> 47169 | G76: =_xludf.LET( _xlpm.h, TODAY(), IF(ISBLANK(F76), "SIN FECHA", _xludf.LET( _xlpm.dC, F76 - _xlpm.h, _xlpm.fC, IF(_xlpm.dC>=0, _xlpm.dC, 99999), IF(_xlpm.fC=99999, "YA SE VENCIÓ", "EL VENCIMIENTO DE RC se vence en " & _xlpm.fC & " días" ) ) ) ) -> #NAME? | H76: =_xludf.LET( _xlpm.m, F76 - TODAY(), _xlpm.m ) -> #NAME?
A77: =Consolidado!A53 -> 47 | B77: =Consolidado!D53 -> Licenciatura en Lenguas Modernas con Énfasis en Inglés y Francés | C77: =Consolidado!AJ53 -> 47593 | D77: =_xludf.LET( _xlpm.h, TODAY(), IF(ISBLANK(C77), "SIN FECHA", _xludf.LET( _xlpm.dC, C77 - _xlpm.h, _xlpm.fC, IF(_xlpm.dC>=0, _xlpm.dC, 99999), IF(_xlpm.fC=99999, "YA SE VENCIÓ", "EL VENCIMIENTO DE RC se vence en " & _xlpm.fC & " días" ) ) ) ) -> #NAME? | E77: =_xludf.LET( _xlpm.m, C77 - TODAY(), _xlpm.m ) -> #NAME? | F77: =Consolidado!AH53 -> 47169 | G77: =_xludf.LET( _xlpm.h, TODAY(), IF(ISBLANK(F77), "SIN FECHA", _xludf.LET( _xlpm.dC, F77 - _xlpm.h, _xlpm.fC, IF(_xlpm.dC>=0, _xlpm.dC, 99999), IF(_xlpm.fC=99999, "YA SE VENCIÓ", "EL VENCIMIENTO DE RC se vence en " & _xlpm.fC & " días" ) ) ) ) -> #NAME? | H77: =_xludf.LET( _xlpm.m, F77 - TODAY(), _xlpm.m ) -> #NAME?
A78: =Consolidado!A54 -> 48 | B78: =Consolidado!D54 -> Historia | C78: =Consolidado!AJ54 -> 47593 | D78: =_xludf.LET( _xlpm.h, TODAY(), IF(ISBLANK(C78), "SIN FECHA", _xludf.LET( _xlpm.dC, C78 - _xlpm.h, _xlpm.fC, IF(_xlpm.dC>=0, _xlpm.dC, 99999), IF(_xlpm.fC=99999, "YA SE VENCIÓ", "EL VENCIMIENTO DE RC se vence en " & _xlpm.fC & " días" ) ) ) ) -> #NAME? | E78: =_xludf.LET( _xlpm.m, C78 - TODAY(), _xlpm.m ) -> #NAME? | F78: =Consolidado!AH54 -> 47169 | G78: =_xludf.LET( _xlpm.h, TODAY(), IF(ISBLANK(F78), "SIN FECHA", _xludf.LET( _xlpm.dC, F78 - _xlpm.h, _xlpm.fC, IF(_xlpm.dC>=0, _xlpm.dC, 99999), IF(_xlpm.fC=99999, "YA SE VENCIÓ", "EL VENCIMIENTO DE RC se vence en " & _xlpm.fC & " días" ) ) ) ) -> #NAME? | H78: =_xludf.LET( _xlpm.m, F78 - TODAY(), _xlpm.m ) -> #NAME?
A79: =Consolidado!A74 -> 68 | B79: =Consolidado!D74 -> Doctorado en Ciencias Matemáticas | C79: =Consolidado!AJ74 -> 47594 | D79: =_xludf.LET( _xlpm.h, TODAY(), IF(ISBLANK(C79), "SIN FECHA", _xludf.LET( _xlpm.dC, C79 - _xlpm.h, _xlpm.fC, IF(_xlpm.dC>=0, _xlpm.dC, 99999), IF(_xlpm.fC=99999, "YA SE VENCIÓ", "EL VENCIMIENTO DE RC se vence en " & _xlpm.fC & " días" ) ) ) ) -> #NAME? | E79: =_xludf.LET( _xlpm.m, C79 - TODAY(), _xlpm.m ) -> #NAME? | F79: =Consolidado!AH74 -> 47170 | G79: =_xludf.LET( _xlpm.h, TODAY(), IF(ISBLANK(F79), "SIN FECHA", _xludf.LET( _xlpm.dC, F79 - _xlpm.h, _xlpm.fC, IF(_xlpm.dC>=0, _xlpm.dC, 99999), IF(_xlpm.fC=99999, "YA SE VENCIÓ", "EL VENCIMIENTO DE RC se vence en " & _xlpm.fC & " días" ) ) ) ) -> #NAME? | H79: =_xludf.LET( _xlpm.m, F79 - TODAY(), _xlpm.m ) -> #NAME?
A80: =Consolidado!A75 -> 69 | B80: =Consolidado!D75 -> Matemáticas | C80: =Consolidado!AJ75 -> 47611 | D80: =_xludf.LET( _xlpm.h, TODAY(), IF(ISBLANK(C80), "SIN FECHA", _xludf.LET( _xlpm.dC, C80 - _xlpm.h, _xlpm.fC, IF(_xlpm.dC>=0, _xlpm.dC, 99999), IF(_xlpm.fC=99999, "YA SE VENCIÓ", "EL VENCIMIENTO DE RC se vence en " & _xlpm.fC & " días" ) ) ) ) -> #NAME? | E80: =_xludf.LET( _xlpm.m, C80 - TODAY(), _xlpm.m ) -> #NAME? | F80: =Consolidado!AH75 -> 47185 | G80: =_xludf.LET( _xlpm.h, TODAY(), IF(ISBLANK(F80), "SIN FECHA", _xludf.LET( _xlpm.dC, F80 - _xlpm.h, _xlpm.fC, IF(_xlpm.dC>=0, _xlpm.dC, 99999), IF(_xlpm.fC=99999, "YA SE VENCIÓ", "EL VENCIMIENTO DE RC se vence en " & _xlpm.fC & " días" ) ) ) ) -> #NAME? | H80: =_xludf.LET( _xlpm.m, F80 - TODAY(), _xlpm.m ) -> #NAME?
A81: =Consolidado!A30 -> 24 | B81: =Consolidado!D30 -> Economía | C81: =Consolidado!AJ30 -> 47628 | D81: =_xludf.LET( _xlpm.h, TODAY(), IF(ISBLANK(C81), "SIN FECHA", _xludf.LET( _xlpm.dC, C81 - _xlpm.h, _xlpm.fC, IF(_xlpm.dC>=0, _xlpm.dC, 99999), IF(_xlpm.fC=99999, "YA SE VENCIÓ", "EL VENCIMIENTO DE RC se vence en " & _xlpm.fC & " días" ) ) ) ) -> #NAME? | E81: =_xludf.LET( _xlpm.m, C81 - TODAY(), _xlpm.m ) -> #NAME? | F81: =Consolidado!AH30 -> 47202 | G81: =_xludf.LET( _xlpm.h, TODAY(), IF(ISBLANK(F81), "SIN FECHA", _xludf.LET( _xlpm.dC, F81 - _xlpm.h, _xlpm.fC, IF(_xlpm.dC>=0, _xlpm.dC, 99999), IF(_xlpm.fC=99999, "YA SE VENCIÓ", "EL VENCIMIENTO DE RC se vence en " & _xlpm.fC & " días" ) ) ) ) -> #NAME? | H81: =_xludf.LET( _xlpm.m, F81 - TODAY(), _xlpm.m ) -> #NAME?
A82: =Consolidado!A108 -> 102 | B82: =Consolidado!D108 -> Ingeniería Civil | C82: =Consolidado!AJ108 -> 47628 | D82: =_xludf.LET( _xlpm.h, TODAY(), IF(ISBLANK(C82), "SIN FECHA", _xludf.LET( _xlpm.dC, C82 - _xlpm.h, _xlpm.fC, IF(_xlpm.dC>=0, _xlpm.dC, 99999), IF(_xlpm.fC=99999, "YA SE VENCIÓ", "EL VENCIMIENTO DE RC se vence en " & _xlpm.fC & " días" ) ) ) ) -> #NAME? | E82: =_xludf.LET( _xlpm.m, C82 - TODAY(), _xlpm.m ) -> #NAME? | F82: =Consolidado!AH108 -> 47202 | G82: =_xludf.LET( _xlpm.h, TODAY(), IF(ISBLANK(F82), "SIN FECHA", _xludf.LET( _xlpm.dC, F82 - _xlpm.h, _xlpm.fC, IF(_xlpm.dC>=0, _xlpm.dC, 99999), IF(_xlpm.fC=99999, "YA SE VENCIÓ", "EL VENCIMIENTO DE RC se vence en " & _xlpm.fC & " días" ) ) ) ) -> #NAME? | H82: =_xludf.LET( _xlpm.m, F82 - TODAY(), _xlpm.m ) -> #NAME?
A83: =Consolidado!A76 -> 70 | B83: =Consolidado!D76 -> Química | C83: =Consolidado!AJ76 -> 47632 | D83: =_xludf.LET( _xlpm.h, TODAY(), IF(ISBLANK(C83), "SIN FECHA", _xludf.LET( _xlpm.dC, C83 - _xlpm.h, _xlpm.fC, IF(_xlpm.dC>=0, _xlpm.dC, 99999), IF(_xlpm.fC=99999, "YA SE VENCIÓ", "EL VENCIMIENTO DE RC se vence en " & _xlpm.fC & " días" ) ) ) ) -> #NAME? | E83: =_xludf.LET( _xlpm.m, C83 - TODAY(), _xlpm.m ) -> #NAME? | F83: =Consolidado!AH76 -> 47206 | G83: =_xludf.LET( _xlpm.h, TODAY(), IF(ISBLANK(F83), "SIN FECHA", _xludf.LET( _xlpm.dC, F83 - _xlpm.h, _xlpm.fC, IF(_xlpm.dC>=0, _xlpm.dC, 99999), IF(_xlpm.fC=99999, "YA SE VENCIÓ", "EL VENCIMIENTO DE RC se vence en " & _xlpm.fC & " días" ) ) ) ) -> #NAME? | H83: =_xludf.LET( _xlpm.m, F83 - TODAY(), _xlpm.m ) -> #NAME?
A84: =Consolidado!A77 -> 71 | B84: =Consolidado!D77 -> Especialización en Educación y Discapacidad | C84: =Consolidado!AJ77 -> 47640 | D84: =_xludf.LET( _xlpm.h, TODAY(), IF(ISBLANK(C84), "SIN FECHA", _xludf.LET( _xlpm.dC, C84 - _xlpm.h, _xlpm.fC, IF(_xlpm.dC>=0, _xlpm.dC, 99999), IF(_xlpm.fC=99999, "YA SE VENCIÓ", "EL VENCIMIENTO DE RC se vence en " & _xlpm.fC & " días" ) ) ) ) -> #NAME? | E84: =_xludf.LET( _xlpm.m, C84 - TODAY(), _xlpm.m ) -> #NAME? | F84: =Consolidado!AH77 -> 47214 | G84: =_xludf.LET( _xlpm.h, TODAY(), IF(ISBLANK(F84), "SIN FECHA", _xludf.LET( _xlpm.dC, F84 - _xlpm.h, _xlpm.fC, IF(_xlpm.dC>=0, _xlpm.dC, 99999), IF(_xlpm.fC=99999, "YA SE VENCIÓ", "EL VENCIMIENTO DE RC se vence en " & _xlpm.fC & " días" ) ) ) ) -> #NAME? | H84: =_xludf.LET( _xlpm.m, F84 - TODAY(), _xlpm.m ) -> #NAME?
A85: =Consolidado!A55 -> 49 | B85: =Consolidado!D55 -> Maestría en Artes Integradas con el Ambiente | C85: =Consolidado!AJ55 -> 47650 | D85: =_xludf.LET( _xlpm.h, TODAY(), IF(ISBLANK(C85), "SIN FECHA", _xludf.LET( _xlpm.dC, C85 - _xlpm.h, _xlpm.fC, IF(_xlpm.dC>=0, _xlpm.dC, 99999), IF(_xlpm.fC=99999, "YA SE VENCIÓ", "EL VENCIMIENTO DE RC se vence en " & _xlpm.fC & " días" ) ) ) ) -> #NAME? | E85: =_xludf.LET( _xlpm.m, C85 - TODAY(), _xlpm.m ) -> #NAME? | F85: =Consolidado!AH55 -> 47224 | G85: =_xludf.LET( _xlpm.h, TODAY(), IF(ISBLANK(F85), "SIN FECHA", _xludf.LET( _xlpm.dC, F85 - _xlpm.h, _xlpm.fC, IF(_xlpm.dC>=0, _xlpm.dC, 99999), IF(_xlpm.fC=99999, "YA SE VENCIÓ", "EL VENCIMIENTO DE RC se vence en " & _xlpm.fC & " días" ) ) ) ) -> #NAME? | H85: =_xludf.LET( _xlpm.m, F85 - TODAY(), _xlpm.m ) -> #NAME?
A86: =Consolidado!A40 -> 34 | B86: =Consolidado!D40 -> Especialización en Intervención del Lenguaje Infantil | C86: =Consolidado!AJ40 -> 47656 | D86: =_xludf.LET( _xlpm.h, TODAY(), IF(ISBLANK(C86), "SIN FECHA", _xludf.LET( _xlpm.dC, C86 - _xlpm.h, _xlpm.fC, IF(_xlpm.dC>=0, _xlpm.dC, 99999), IF(_xlpm.fC=99999, "YA SE VENCIÓ", "EL VENCIMIENTO DE RC se vence en " & _xlpm.fC & " días" ) ) ) ) -> #NAME? | E86: =_xludf.LET( _xlpm.m, C86 - TODAY(), _xlpm.m ) -> #NAME? | F86: =Consolidado!AH40 -> 47230 | G86: =_xludf.LET( _xlpm.h, TODAY(), IF(ISBLANK(F86), "SIN FECHA", _xludf.LET( _xlpm.dC, F86 - _xlpm.h, _xlpm.fC, IF(_xlpm.dC>=0, _xlpm.dC, 99999), IF(_xlpm.fC=99999, "YA SE VENCIÓ", "EL VENCIMIENTO DE RC se vence en " & _xlpm.fC & " días" ) ) ) ) -> #NAME? | H86: =_xludf.LET( _xlpm.m, F86 - TODAY(), _xlpm.m ) -> #NAME?
A87: =Consolidado!A41 -> 35 | B87: =Consolidado!D41 -> Especialización en Medicina Interna | C87: =Consolidado!AJ41 -> 47663 | D87: =_xludf.LET( _xlpm.h, TODAY(), IF(ISBLANK(C87), "SIN FECHA", _xludf.LET( _xlpm.dC, C87 - _xlpm.h, _xlpm.fC, IF(_xlpm.dC>=0, _xlpm.dC, 99999), IF(_xlpm.fC=99999, "YA SE VENCIÓ", "EL VENCIMIENTO DE RC se vence en " & _xlpm.fC & " días" ) ) ) ) -> #NAME? | E87: =_xludf.LET( _xlpm.m, C87 - TODAY(), _xlpm.m ) -> #NAME? | F87: =Consolidado!AH41 -> 47237 | G87: =_xludf.LET( _xlpm.h, TODAY(), IF(ISBLANK(F87), "SIN FECHA", _xludf.LET( _xlpm.dC, F87 - _xlpm.h, _xlpm.fC, IF(_xlpm.dC>=0, _xlpm.dC, 99999), IF(_xlpm.fC=99999, "YA SE VENCIÓ", "EL VENCIMIENTO DE RC se vence en " & _xlpm.fC & " días" ) ) ) ) -> #NAME? | H87: =_xludf.LET( _xlpm.m, F87 - TODAY(), _xlpm.m ) -> #NAME?
A88: =Consolidado!A42 -> 36 | B88: =Consolidado!D42 -> Especialización en Medicina Familiar | C88: =Consolidado!AJ42 -> 47663 | D88: =_xludf.LET( _xlpm.h, TODAY(), IF(ISBLANK(C88), "SIN FECHA", _xludf.LET( _xlpm.dC, C88 - _xlpm.h, _xlpm.fC, IF(_xlpm.dC>=0, _xlpm.dC, 99999), IF(_xlpm.fC=99999, "YA SE VENCIÓ", "EL VENCIMIENTO DE RC se vence en " & _xlpm.fC & " días" ) ) ) ) -> #NAME? | E88: =_xludf.LET( _xlpm.m, C88 - TODAY(), _xlpm.m ) -> #NAME? | F88: =Consolidado!AH42 -> 47237 | G88: =_xludf.LET( _xlpm.h, TODAY(), IF(ISBLANK(F88), "SIN FECHA", _xludf.LET( _xlpm.dC, F88 - _xlpm.h, _xlpm.fC, IF(_xlpm.dC>=0, _xlpm.dC, 99999), IF(_xlpm.fC=99999, "YA SE VENCIÓ", "EL VENCIMIENTO DE RC se vence en " & _xlpm.fC & " días" ) ) ) ) -> #NAME? | H88: =_xludf.LET( _xlpm.m, F88 - TODAY(), _xlpm.m ) -> #NAME?
A89: =Consolidado!A43 -> 37 | B89: =Consolidado!D43 -> Fisioterapia | C89: =Consolidado!AJ43 -> 47669 | D89: =_xludf.LET( _xlpm.h, TODAY(), IF(ISBLANK(C89), "SIN FECHA", _xludf.LET( _xlpm.dC, C89 - _xlpm.h, _xlpm.fC, IF(_xlpm.dC>=0, _xlpm.dC, 99999), IF(_xlpm.fC=99999, "YA SE VENCIÓ", "EL VENCIMIENTO DE RC se vence en " & _xlpm.fC & " días" ) ) ) ) -> #NAME? | E89: =_xludf.LET( _xlpm.m, C89 - TODAY(), _xlpm.m ) -> #NAME? | F89: =Consolidado!AH43 -> 47243 | G89: =_xludf.LET( _xlpm.h, TODAY(), IF(ISBLANK(F89), "SIN FECHA", _xludf.LET( _xlpm.dC, F89 - _xlpm.h, _xlpm.fC, IF(_xlpm.dC>=0, _xlpm.dC, 99999), IF(_xlpm.fC=99999, "YA SE VENCIÓ", "EL VENCIMIENTO DE RC se vence en " & _xlpm.fC & " días" ) ) ) ) -> #NAME? | H89: =_xludf.LET( _xlpm.m, F89 - TODAY(), _xlpm.m ) -> #NAME?
A90: =Consolidado!A39 -> 33 | B90: =Consolidado!D39 -> Enfermería | C90: =Consolidado!AJ39 -> 47718 | D90: =_xludf.LET( _xlpm.h, TODAY(), IF(ISBLANK(C90), "SIN FECHA", _xludf.LET( _xlpm.dC, C90 - _xlpm.h, _xlpm.fC, IF(_xlpm.dC>=0, _xlpm.dC, 99999), IF(_xlpm.fC=99999, "YA SE VENCIÓ", "EL VENCIMIENTO DE RC se vence en " & _xlpm.fC & " días" ) ) ) ) -> #NAME? | E90: =_xludf.LET( _xlpm.m, C90 - TODAY(), _xlpm.m ) -> #NAME? | F90: =Consolidado!AH39 -> 47292 | G90: =_xludf.LET( _xlpm.h, TODAY(), IF(ISBLANK(F90), "SIN FECHA", _xludf.LET( _xlpm.dC, F90 - _xlpm.h, _xlpm.fC, IF(_xlpm.dC>=0, _xlpm.dC, 99999), IF(_xlpm.fC=99999, "YA SE VENCIÓ", "EL VENCIMIENTO DE RC se vence en " & _xlpm.fC & " días" ) ) ) ) -> #NAME? | H90: =_xludf.LET( _xlpm.m, F90 - TODAY(), _xlpm.m ) -> #NAME?
A91: =Consolidado!A56 -> 50 | B91: =Consolidado!D56 -> Licenciatura en Literatura y Lengua Castellana | C91: =Consolidado!AJ56 -> 47718 | D91: =_xludf.LET( _xlpm.h, TODAY(), IF(ISBLANK(C91), "SIN FECHA", _xludf.LET( _xlpm.dC, C91 - _xlpm.h, _xlpm.fC, IF(_xlpm.dC>=0, _xlpm.dC, 99999), IF(_xlpm.fC=99999, "YA SE VENCIÓ", "EL VENCIMIENTO DE RC se vence en " & _xlpm.fC & " días" ) ) ) ) -> #NAME? | E91: =_xludf.LET( _xlpm.m, C91 - TODAY(), _xlpm.m ) -> #NAME? | F91: =Consolidado!AH56 -> 47292 | G91: =_xludf.LET( _xlpm.h, TODAY(), IF(ISBLANK(F91), "SIN FECHA", _xludf.LET( _xlpm.dC, F91 - _xlpm.h, _xlpm.fC, IF(_xlpm.dC>=0, _xlpm.dC, 99999), IF(_xlpm.fC=99999, "YA SE VENCIÓ", "EL VENCIMIENTO DE RC se vence en " & _xlpm.fC & " días" ) ) ) ) -> #NAME? | H91: =_xludf.LET( _xlpm.m, F91 - TODAY(), _xlpm.m ) -> #NAME?
A92: =Consolidado!A78 -> 72 | B92: =Consolidado!D78 -> Maestría en Ciencias Matemáticas | C92: =Consolidado!AJ78 -> 47720 | D92: =_xludf.LET( _xlpm.h, TODAY(), IF(ISBLANK(C92), "SIN FECHA", _xludf.LET( _xlpm.dC, C92 - _xlpm.h, _xlpm.fC, IF(_xlpm.dC>=0, _xlpm.dC, 99999), IF(_xlpm.fC=99999, "YA SE VENCIÓ", "EL VENCIMIENTO DE RC se vence en " & _xlpm.fC & " días" ) ) ) ) -> #NAME? | E92: =_xludf.LET( _xlpm.m, C92 - TODAY(), _xlpm.m ) -> #NAME? | F92: =Consolidado!AH78 -> 47294 | G92: =_xludf.LET( _xlpm.h, TODAY(), IF(ISBLANK(F92), "SIN FECHA", _xludf.LET( _xlpm.dC, F92 - _xlpm.h, _xlpm.fC, IF(_xlpm.dC>=0, _xlpm.dC, 99999), IF(_xlpm.fC=99999, "YA SE VENCIÓ", "EL VENCIMIENTO DE RC se vence en " & _xlpm.fC & " días" ) ) ) ) -> #NAME? | H92: =_xludf.LET( _xlpm.m, F92 - TODAY(), _xlpm.m ) -> #NAME?
A93: =Consolidado!A31 -> 25 | B93: =Consolidado!D31 -> Maestría en Estudios Interdisciplinarios del Desarrollo | C93: =Consolidado!AJ31 -> 47731 | D93: =_xludf.LET( _xlpm.h, TODAY(), IF(ISBLANK(C93), "SIN FECHA", _xludf.LET( _xlpm.dC, C93 - _xlpm.h, _xlpm.fC, IF(_xlpm.dC>=0, _xlpm.dC, 99999), IF(_xlpm.fC=99999, "YA SE VENCIÓ", "EL VENCIMIENTO DE RC se vence en " & _xlpm.fC & " días" ) ) ) ) -> #NAME? | E93: =_xludf.LET( _xlpm.m, C93 - TODAY(), _xlpm.m ) -> #NAME? | F93: =Consolidado!AH31 -> 47304 | G93: =_xludf.LET( _xlpm.h, TODAY(), IF(ISBLANK(F93), "SIN FECHA", _xludf.LET( _xlpm.dC, F93 - _xlpm.h, _xlpm.fC, IF(_xlpm.dC>=0, _xlpm.dC, 99999), IF(_xlpm.fC=99999, "YA SE VENCIÓ", "EL VENCIMIENTO DE RC se vence en " & _xlpm.fC & " días" ) ) ) ) -> #NAME? | H93: =_xludf.LET( _xlpm.m, F93 - TODAY(), _xlpm.m ) -> #NAME?
A94: =Consolidado!A44 -> 38 | B94: =Consolidado!D44 -> Especialización en Seguridad y Salud en el Trabajo | C94: =Consolidado!AJ44 -> 47738 | D94: =_xludf.LET( _xlpm.h, TODAY(), IF(ISBLANK(C94), "SIN FECHA", _xludf.LET( _xlpm.dC, C94 - _xlpm.h, _xlpm.fC, IF(_xlpm.dC>=0, _xlpm.dC, 99999), IF(_xlpm.fC=99999, "YA SE VENCIÓ", "EL VENCIMIENTO DE RC se vence en " & _xlpm.fC & " días" ) ) ) ) -> #NAME? | E94: =_xludf.LET( _xlpm.m, C94 - TODAY(), _xlpm.m ) -> #NAME? | F94: =Consolidado!AH44 -> 47311 | G94: =_xludf.LET( _xlpm.h, TODAY(), IF(ISBLANK(F94), "SIN FECHA", _xludf.LET( _xlpm.dC, F94 - _xlpm.h, _xlpm.fC, IF(_xlpm.dC>=0, _xlpm.dC, 99999), IF(_xlpm.fC=99999, "YA SE VENCIÓ", "EL VENCIMIENTO DE RC se vence en " & _xlpm.fC & " días" ) ) ) ) -> #NAME? | H94: =_xludf.LET( _xlpm.m, F94 - TODAY(), _xlpm.m ) -> #NAME?
A95: =Consolidado!A79 -> 73 | B95: =Consolidado!D79 -> Doctorado en Ciencias de la Educación | C95: =Consolidado!AJ79 -> 47746 | D95: =_xludf.LET( _xlpm.h, TODAY(), IF(ISBLANK(C95), "SIN FECHA", _xludf.LET( _xlpm.dC, C95 - _xlpm.h, _xlpm.fC, IF(_xlpm.dC>=0, _xlpm.dC, 99999), IF(_xlpm.fC=99999, "YA SE VENCIÓ", "EL VENCIMIENTO DE RC se vence en " & _xlpm.fC & " días" ) ) ) ) -> #NAME? | E95: =_xludf.LET( _xlpm.m, C95 - TODAY(), _xlpm.m ) -> #NAME? | F95: =Consolidado!AH79 -> 47319 | G95: =_xludf.LET( _xlpm.h, TODAY(), IF(ISBLANK(F95), "SIN FECHA", _xludf.LET( _xlpm.dC, F95 - _xlpm.h, _xlpm.fC, IF(_xlpm.dC>=0, _xlpm.dC, 99999), IF(_xlpm.fC=99999, "YA SE VENCIÓ", "EL VENCIMIENTO DE RC se vence en " & _xlpm.fC & " días" ) ) ) ) -> #NAME? | H95: =_xludf.LET( _xlpm.m, F95 - TODAY(), _xlpm.m ) -> #NAME?
A96: =Consolidado!A80 -> 74 | B96: =Consolidado!D80 -> Doctorado en Etnobiología y Estudios Bioculturales | C96: =Consolidado!AJ80 -> 47753 | D96: =_xludf.LET( _xlpm.h, TODAY(), IF(ISBLANK(C96), "SIN FECHA", _xludf.LET( _xlpm.dC, C96 - _xlpm.h, _xlpm.fC, IF(_xlpm.dC>=0, _xlpm.dC, 99999), IF(_xlpm.fC=99999, "YA SE VENCIÓ", "EL VENCIMIENTO DE RC se vence en " & _xlpm.fC & " días" ) ) ) ) -> #NAME? | E96: =_xludf.LET( _xlpm.m, C96 - TODAY(), _xlpm.m ) -> #NAME? | F96: =Consolidado!AH80 -> 47326 | G96: =_xludf.LET( _xlpm.h, TODAY(), IF(ISBLANK(F96), "SIN FECHA", _xludf.LET( _xlpm.dC, F96 - _xlpm.h, _xlpm.fC, IF(_xlpm.dC>=0, _xlpm.dC, 99999), IF(_xlpm.fC=99999, "YA SE VENCIÓ", "EL VENCIMIENTO DE RC se vence en " & _xlpm.fC & " días" ) ) ) ) -> #NAME? | H96: =_xludf.LET( _xlpm.m, F96 - TODAY(), _xlpm.m ) -> #NAME?
A97: =Consolidado!A81 -> 75 | B97: =Consolidado!D81 -> Doctorado en Ciencias Química | C97: =Consolidado!AJ81 -> 47753 | D97: =_xludf.LET( _xlpm.h, TODAY(), IF(ISBLANK(C97), "SIN FECHA", _xludf.LET( _xlpm.dC, C97 - _xlpm.h, _xlpm.fC, IF(_xlpm.dC>=0, _xlpm.dC, 99999), IF(_xlpm.fC=99999, "YA SE VENCIÓ", "EL VENCIMIENTO DE RC se vence en " & _xlpm.fC & " días" ) ) ) ) -> #NAME? | E97: =_xludf.LET( _xlpm.m, C97 - TODAY(), _xlpm.m ) -> #NAME? | F97: =Consolidado!AH81 -> 47326 | G97: =_xludf.LET( _xlpm.h, TODAY(), IF(ISBLANK(F97), "SIN FECHA", _xludf.LET( _xlpm.dC, F97 - _xlpm.h, _xlpm.fC, IF(_xlpm.dC>=0, _xlpm.dC, 99999), IF(_xlpm.fC=99999, "YA SE VENCIÓ", "EL VENCIMIENTO DE RC se vence en " & _xlpm.fC & " días" ) ) ) ) -> #NAME? | H97: =_xludf.LET( _xlpm.m, F97 - TODAY(), _xlpm.m ) -> #NAME?
A98: =Consolidado!A109 -> 103 | B98: =Consolidado!D109 -> Arquitectura | C98: =Consolidado!AJ109 -> 47753 | D98: =_xludf.LET( _xlpm.h, TODAY(), IF(ISBLANK(C98), "SIN FECHA", _xludf.LET( _xlpm.dC, C98 - _xlpm.h, _xlpm.fC, IF(_xlpm.dC>=0, _xlpm.dC, 99999), IF(_xlpm.fC=99999, "YA SE VENCIÓ", "EL VENCIMIENTO DE RC se vence en " & _xlpm.fC & " días" ) ) ) ) -> #NAME? | E98: =_xludf.LET( _xlpm.m, C98 - TODAY(), _xlpm.m ) -> #NAME? | F98: =Consolidado!AH109 -> 47326 | G98: =_xludf.LET( _xlpm.h, TODAY(), IF(ISBLANK(F98), "SIN FECHA", _xludf.LET( _xlpm.dC, F98 - _xlpm.h, _xlpm.fC, IF(_xlpm.dC>=0, _xlpm.dC, 99999), IF(_xlpm.fC=99999, "YA SE VENCIÓ", "EL VENCIMIENTO DE RC se vence en " & _xlpm.fC & " días" ) ) ) ) -> #NAME? | H98: =_xludf.LET( _xlpm.m, F98 - TODAY(), _xlpm.m ) -> #NAME?
A99: =Consolidado!A121 -> 115 | B99: =Consolidado!D121 -> Maestría en Automática | C99: =Consolidado!AJ121 -> 47787 | D99: =_xludf.LET( _xlpm.h, TODAY(), IF(ISBLANK(C99), "SIN FECHA", _xludf.LET( _xlpm.dC, C99 - _xlpm.h, _xlpm.fC, IF(_xlpm.dC>=0, _xlpm.dC, 99999), IF(_xlpm.fC=99999, "YA SE VENCIÓ", "EL VENCIMIENTO DE RC se vence en " & _xlpm.fC & " días" ) ) ) ) -> #NAME? | E99: =_xludf.LET( _xlpm.m, C99 - TODAY(), _xlpm.m ) -> #NAME? | F99: =Consolidado!AH121 -> 47361 | G99: =_xludf.LET( _xlpm.h, TODAY(), IF(ISBLANK(F99), "SIN FECHA", _xludf.LET( _xlpm.dC, F99 - _xlpm.h, _xlpm.fC, IF(_xlpm.dC>=0, _xlpm.dC, 99999), IF(_xlpm.fC=99999, "YA SE VENCIÓ", "EL VENCIMIENTO DE RC se vence en " & _xlpm.fC & " días" ) ) ) ) -> #NAME? | H99: =_xludf.LET( _xlpm.m, F99 - TODAY(), _xlpm.m ) -> #NAME?
A100: =Consolidado!A82 -> 76 | B100: =Consolidado!D82 -> Maestría en Recursos Hidrobiológicos Continentales | C100: =Consolidado!AJ82 -> 47810 | D100: =_xludf.LET( _xlpm.h, TODAY(), IF(ISBLANK(C100), "SIN FECHA", _xludf.LET( _xlpm.dC, C100 - _xlpm.h, _xlpm.fC, IF(_xlpm.dC>=0, _xlpm.dC, 99999), IF(_xlpm.fC=99999, "YA SE VENCIÓ", "EL VENCIMIENTO DE RC se vence en " & _xlpm.fC & " días" ) ) ) ) -> #NAME? | E100: =_xludf.LET( _xlpm.m, C100 - TODAY(), _xlpm.m ) -> #NAME? | F100: =Consolidado!AH82 -> 47384 | G100: =_xludf.LET( _xlpm.h, TODAY(), IF(ISBLANK(F100), "SIN FECHA", _xludf.LET( _xlpm.dC, F100 - _xlpm.h, _xlpm.fC, IF(_xlpm.dC>=0, _xlpm.dC, 99999), IF(_xlpm.fC=99999, "YA SE VENCIÓ", "EL VENCIMIENTO DE RC se vence en " & _xlpm.fC & " días" ) ) ) ) -> #NAME? | H100: =_xludf.LET( _xlpm.m, F100 - TODAY(), _xlpm.m ) -> #NAME?
...

Sheet Alerta de vencimiento acreditad
A1: No | B1: Programa | C1: Vencimiento Acreditación | D1: Alerta Acreditación | E1: Días Acreditación | F1: Vencimiento SIAC AAC | G1: Alerta SIAC AAC | H1: Días SIAC AAC | I1: Observaciones
A2: 1 | B2: =Acreditados!C25 -> Licenciatura en Educación Física, Recreación y Deportes | C2: =Acreditados!I25 -> 46082 | D2: =_xludf.LET( _xlpm.h, TODAY(), IF(ISBLANK(C2), "SIN FECHA", _xludf.LET( _xlpm.dC, C2 - _xlpm.h, _xlpm.fC, IF(_xlpm.dC>=0, _xlpm.dC, 99999), IF(_xlpm.fC=99999, "YA SE VENCIÓ", "EL VENCIMIENTO DE RC se vence en " & _xlpm.fC & " días" ) ) ) ) -> #NAME? | E2: =_xludf.LET( _xlpm.m, C2 - TODAY(), _xlpm.m ) -> #NAME? | F2: =Acreditados!H25 -> 45658 | G2: =_xludf.LET( _xlpm.h, TODAY(), IF(ISBLANK(F2), "SIN FECHA", _xludf.LET( _xlpm.dC, F2 - _xlpm.h, _xlpm.fC, IF(_xlpm.dC>=0, _xlpm.dC, 99999), IF(_xlpm.fC=99999, "YA SE VENCIÓ", "EL VENCIMIENTO DE RC se vence en " & _xlpm.fC & " días" ) ) ) ) -> #NAME? | H2: =_xludf.LET( _xlpm.m, F2 - TODAY(), _xlpm.m ) -> #NAME? | I2: Espera resolución - 09/03/2026
A3: 2 | B3: =Acreditados!C26 -> Licenciatura en Educación Artística | C3: =Acreditados!I26 -> 46082 | D3: =_xludf.LET( _xlpm.h, TODAY(), IF(ISBLANK(C3), "SIN FECHA", _xludf.LET( _xlpm.dC, C3 - _xlpm.h, _xlpm.fC, IF(_xlpm.dC>=0, _xlpm.dC, 99999), IF(_xlpm.fC=99999, "YA SE VENCIÓ", "EL VENCIMIENTO DE RC se vence en " & _xlpm.fC & " días" ) ) ) ) -> #NAME? | E3: =_xludf.LET( _xlpm.m, C3 - TODAY(), _xlpm.m ) -> #NAME? | F3: =Acreditados!H26 -> 45658 | G3: =_xludf.LET( _xlpm.h, TODAY(), IF(ISBLANK(F3), "SIN FECHA", _xludf.LET( _xlpm.dC, F3 - _xlpm.h, _xlpm.fC, IF(_xlpm.dC>=0, _xlpm.dC, 99999), IF(_xlpm.fC=99999, "YA SE VENCIÓ", "EL VENCIMIENTO DE RC se vence en " & _xlpm.fC & " días" ) ) ) ) -> #NAME? | H3: =_xludf.LET( _xlpm.m, F3 - TODAY(), _xlpm.m ) -> #NAME? | I3: Espera resolución - 09/03/2026
A4: 3 | B4: =Acreditados!C14 -> Ingeniería Agroindustrial | C4: =Acreditados!I14 -> 46220 | D4: =_xludf.LET( _xlpm.h, TODAY(), IF(ISBLANK(C4), "SIN FECHA", _xludf.LET( _xlpm.dC, C4 - _xlpm.h, _xlpm.fC, IF(_xlpm.dC>=0, _xlpm.dC, 99999), IF(_xlpm.fC=99999, "YA SE VENCIÓ", "EL VENCIMIENTO DE RC se vence en " & _xlpm.fC & " días" ) ) ) ) -> #NAME? | E4: =_xludf.LET( _xlpm.m, C4 - TODAY(), _xlpm.m ) -> #NAME? | F4: =Acreditados!H14 -> 45794 | G4: =_xludf.LET( _xlpm.h, TODAY(), IF(ISBLANK(F4), "SIN FECHA", _xludf.LET( _xlpm.dC, F4 - _xlpm.h, _xlpm.fC, IF(_xlpm.dC>=0, _xlpm.dC, 99999), IF(_xlpm.fC=99999, "YA SE VENCIÓ", "EL VENCIMIENTO DE RC se vence en " & _xlpm.fC & " días" ) ) ) ) -> #NAME? | H4: =_xludf.LET( _xlpm.m, F4 - TODAY(), _xlpm.m ) -> #NAME? | I4: Espera visita - 09/03/2026
A5: 4 | B5: =Acreditados!C37 -> Tecnología en Telemática | C5: =Acreditados!I37 -> 46220 | D5: =_xludf.LET( _xlpm.h, TODAY(), IF(ISBLANK(C5), "SIN FECHA", _xludf.LET( _xlpm.dC, C5 - _xlpm.h, _xlpm.fC, IF(_xlpm.dC>=0, _xlpm.dC, 99999), IF(_xlpm.fC=99999, "YA SE VENCIÓ", "EL VENCIMIENTO DE RC se vence en " & _xlpm.fC & " días" ) ) ) ) -> #NAME? | E5: =_xludf.LET( _xlpm.m, C5 - TODAY(), _xlpm.m ) -> #NAME? | F5: =Acreditados!H37 -> 45794 | G5: =_xludf.LET( _xlpm.h, TODAY(), IF(ISBLANK(F5), "SIN FECHA", _xludf.LET( _xlpm.dC, F5 - _xlpm.h, _xlpm.fC, IF(_xlpm.dC>=0, _xlpm.dC, 99999), IF(_xlpm.fC=99999, "YA SE VENCIÓ", "EL VENCIMIENTO DE RC se vence en " & _xlpm.fC & " días" ) ) ) ) -> #NAME? | H5: =_xludf.LET( _xlpm.m, F5 - TODAY(), _xlpm.m ) -> #NAME? | I5: Espera visita - 09/03/2026
A6: 5 | B6: =Acreditados!C38 -> Ingeniería Electrónica y Telecomunicaciones | C6: =Acreditados!I38 -> 46489 | D6: =_xludf.LET( _xlpm.h, TODAY(), IF(ISBLANK(C6), "SIN FECHA", _xludf.LET( _xlpm.dC, C6 - _xlpm.h, _xlpm.fC, IF(_xlpm.dC>=0, _xlpm.dC, 99999), IF(_xlpm.fC=99999, "YA SE VENCIÓ", "EL VENCIMIENTO DE RC se vence en " & _xlpm.fC & " días" ) ) ) ) -> #NAME? | E6: =_xludf.LET( _xlpm.m, C6 - TODAY(), _xlpm.m ) -> #NAME? | F6: =Acreditados!H38 -> 46065 | G6: =_xludf.LET( _xlpm.h, TODAY(), IF(ISBLANK(F6), "SIN FECHA", _xludf.LET( _xlpm.dC, F6 - _xlpm.h, _xlpm.fC, IF(_xlpm.dC>=0, _xlpm.dC, 99999), IF(_xlpm.fC=99999, "YA SE VENCIÓ", "EL VENCIMIENTO DE RC se vence en " & _xlpm.fC & " días" ) ) ) ) -> #NAME? | H6: =_xludf.LET( _xlpm.m, F6 - TODAY(), _xlpm.m ) -> #NAME? | I6: Están elaborando informe de autoevaluación - 09/03/2026
A7: 6 | B7: =Acreditados!C10 -> Dirección de Banda | C7: =Acreditados!I10 -> 46497 | D7: =_xludf.LET( _xlpm.h, TODAY(), IF(ISBLANK(C7), "SIN FECHA", _xludf.LET( _xlpm.dC, C7 - _xlpm.h, _xlpm.fC, IF(_xlpm.dC>=0, _xlpm.dC, 99999), IF(_xlpm.fC=99999, "YA SE VENCIÓ", "EL VENCIMIENTO DE RC se vence en " & _xlpm.fC & " días" ) ) ) ) -> #NAME? | E7: =_xludf.LET( _xlpm.m, C7 - TODAY(), _xlpm.m ) -> #NAME? | F7: =Acreditados!H10 -> 46073 | G7: =_xludf.LET( _xlpm.h, TODAY(), IF(ISBLANK(F7), "SIN FECHA", _xludf.LET( _xlpm.dC, F7 - _xlpm.h, _xlpm.fC, IF(_xlpm.dC>=0, _xlpm.dC, 99999), IF(_xlpm.fC=99999, "YA SE VENCIÓ", "EL VENCIMIENTO DE RC se vence en " & _xlpm.fC & " días" ) ) ) ) -> #NAME? | H7: =_xludf.LET( _xlpm.m, F7 - TODAY(), _xlpm.m ) -> #NAME? | I7: Están elaborando informe de autoevaluación - 09/03/2026
A8: 7 | B8: =Acreditados!C21 -> Licenciatura en Lenguas Modernas con énfasis en Inglés y Francés | C8: =Acreditados!I21 -> 46497 | D8: =_xludf.LET( _xlpm.h, TODAY(), IF(ISBLANK(C8), "SIN FECHA", _xludf.LET( _xlpm.dC, C8 - _xlpm.h, _xlpm.fC, IF(_xlpm.dC>=0, _xlpm.dC, 99999), IF(_xlpm.fC=99999, "YA SE VENCIÓ", "EL VENCIMIENTO DE RC se vence en " & _xlpm.fC & " días" ) ) ) ) -> #NAME? | E8: =_xludf.LET( _xlpm.m, C8 - TODAY(), _xlpm.m ) -> #NAME? | F8: =Acreditados!H21 -> 46073 | G8: =_xludf.LET( _xlpm.h, TODAY(), IF(ISBLANK(F8), "SIN FECHA", _xludf.LET( _xlpm.dC, F8 - _xlpm.h, _xlpm.fC, IF(_xlpm.dC>=0, _xlpm.dC, 99999), IF(_xlpm.fC=99999, "YA SE VENCIÓ", "EL VENCIMIENTO DE RC se vence en " & _xlpm.fC & " días" ) ) ) ) -> #NAME? | H8: =_xludf.LET( _xlpm.m, F8 - TODAY(), _xlpm.m ) -> #NAME? | I8: Están elaborando informe de autoevaluación - 09/03/2026
A9: 8 | B9: =Acreditados!C22 -> Historia | C9: =Acreditados!I22 -> 46497 | D9: =_xludf.LET( _xlpm.h, TODAY(), IF(ISBLANK(C9), "SIN FECHA", _xludf.LET( _xlpm.dC, C9 - _xlpm.h, _xlpm.fC, IF(_xlpm.dC>=0, _xlpm.dC, 99999), IF(_xlpm.fC=99999, "YA SE VENCIÓ", "EL VENCIMIENTO DE RC se vence en " & _xlpm.fC & " días" ) ) ) ) -> #NAME? | E9: =_xludf.LET( _xlpm.m, C9 - TODAY(), _xlpm.m ) -> #NAME? | F9: =Acreditados!H22 -> 46073 | G9: =_xludf.LET( _xlpm.h, TODAY(), IF(ISBLANK(F9), "SIN FECHA", _xludf.LET( _xlpm.dC, F9 - _xlpm.h, _xlpm.fC, IF(_xlpm.dC>=0, _xlpm.dC, 99999), IF(_xlpm.fC=99999, "YA SE VENCIÓ", "EL VENCIMIENTO DE RC se vence en " & _xlpm.fC & " días" ) ) ) ) -> #NAME? | H9: =_xludf.LET( _xlpm.m, F9 - TODAY(), _xlpm.m ) -> #NAME? | I9: Están elaborando informe de autoevaluación - 09/03/2026
A10: 9 | B10: =Acreditados!C27 -> Biología | C10: =Acreditados!I27 -> 46507 | D10: =_xludf.LET( _xlpm.h, TODAY(), IF(ISBLANK(C10), "SIN FECHA", _xludf.LET( _xlpm.dC, C10 - _xlpm.h, _xlpm.fC, IF(_xlpm.dC>=0, _xlpm.dC, 99999), IF(_xlpm.fC=99999, "YA SE VENCIÓ", "EL VENCIMIENTO DE RC se vence en " & _xlpm.fC & " días" ) ) ) ) -> #NAME? | E10: =_xludf.LET( _xlpm.m, C10 - TODAY(), _xlpm.m ) -> #NAME? | F10: =Acreditados!H27 -> 46081 | G10: =_xludf.LET( _xlpm.h, TODAY(), IF(ISBLANK(F10), "SIN FECHA", _xludf.LET( _xlpm.dC, F10 - _xlpm.h, _xlpm.fC, IF(_xlpm.dC>=0, _xlpm.dC, 99999), IF(_xlpm.fC=99999, "YA SE VENCIÓ", "EL VENCIMIENTO DE RC se vence en " & _xlpm.fC & " días" ) ) ) ) -> #NAME? | H10: =_xludf.LET( _xlpm.m, F10 - TODAY(), _xlpm.m ) -> #NAME? | I10: Están elaborando informe de autoevaluación - 09/03/2026
A11: 10 | B11: =Acreditados!C28 -> Matemáticas | C11: =Acreditados!I28 -> 46515 | D11: =_xludf.LET( _xlpm.h, TODAY(), IF(ISBLANK(C11), "SIN FECHA", _xludf.LET( _xlpm.dC, C11 - _xlpm.h, _xlpm.fC, IF(_xlpm.dC>=0, _xlpm.dC, 99999), IF(_xlpm.fC=99999, "YA SE VENCIÓ", "EL VENCIMIENTO DE RC se vence en " & _xlpm.fC & " días" ) ) ) ) -> #NAME? | E11: =_xludf.LET( _xlpm.m, C11 - TODAY(), _xlpm.m ) -> #NAME? | F11: =Acreditados!H28 -> 46089 | G11: =_xludf.LET( _xlpm.h, TODAY(), IF(ISBLANK(F11), "SIN FECHA", _xludf.LET( _xlpm.dC, F11 - _xlpm.h, _xlpm.fC, IF(_xlpm.dC>=0, _xlpm.dC, 99999), IF(_xlpm.fC=99999, "YA SE VENCIÓ", "EL VENCIMIENTO DE RC se vence en " & _xlpm.fC & " días" ) ) ) ) -> #NAME? | H11: =_xludf.LET( _xlpm.m, F11 - TODAY(), _xlpm.m ) -> #NAME? | I11: Están elaborando informe de autoevaluación - 09/03/2026
A12: 11 | B12: =Acreditados!C17 -> Economía | C12: =Acreditados!I17 -> 46532 | D12: =_xludf.LET( _xlpm.h, TODAY(), IF(ISBLANK(C12), "SIN FECHA", _xludf.LET( _xlpm.dC, C12 - _xlpm.h, _xlpm.fC, IF(_xlpm.dC>=0, _xlpm.dC, 99999), IF(_xlpm.fC=99999, "YA SE VENCIÓ", "EL VENCIMIENTO DE RC se vence en " & _xlpm.fC & " días" ) ) ) ) -> #NAME? | E12: =_xludf.LET( _xlpm.m, C12 - TODAY(), _xlpm.m ) -> #NAME? | F12: =Acreditados!H17 -> 46106 | G12: =_xludf.LET( _xlpm.h, TODAY(), IF(ISBLANK(F12), "SIN FECHA", _xludf.LET( _xlpm.dC, F12 - _xlpm.h, _xlpm.fC, IF(_xlpm.dC>=0, _xlpm.dC, 99999), IF(_xlpm.fC=99999, "YA SE VENCIÓ", "EL VENCIMIENTO DE RC se vence en " & _xlpm.fC & " días" ) ) ) ) -> #NAME? | H12: =_xludf.LET( _xlpm.m, F12 - TODAY(), _xlpm.m ) -> #NAME?
A13: 12 | B13: =Acreditados!C39 -> Maestría en Ingeniería Telemática | C13: =Acreditados!I39 -> 46592 | D13: =_xludf.LET( _xlpm.h, TODAY(), IF(ISBLANK(C13), "SIN FECHA", _xludf.LET( _xlpm.dC, C13 - _xlpm.h, _xlpm.fC, IF(_xlpm.dC>=0, _xlpm.dC, 99999), IF(_xlpm.fC=99999, "YA SE VENCIÓ", "EL VENCIMIENTO DE RC se vence en " & _xlpm.fC & " días" ) ) ) ) -> #NAME? | E13: =_xludf.LET( _xlpm.m, C13 - TODAY(), _xlpm.m ) -> #NAME? | F13: =Acreditados!H39 -> 46166 | G13: =_xludf.LET( _xlpm.h, TODAY(), IF(ISBLANK(F13), "SIN FECHA", _xludf.LET( _xlpm.dC, F13 - _xlpm.h, _xlpm.fC, IF(_xlpm.dC>=0, _xlpm.dC, 99999), IF(_xlpm.fC=99999, "YA SE VENCIÓ", "EL VENCIMIENTO DE RC se vence en " & _xlpm.fC & " días" ) ) ) ) -> #NAME? | H13: =_xludf.LET( _xlpm.m, F13 - TODAY(), _xlpm.m ) -> #NAME?
A14: 13 | B14: =Acreditados!C23 -> Licenciatura en Literatura y Lengua Castellana | C14: =Acreditados!I23 -> 46622 | D14: =_xludf.LET( _xlpm.h, TODAY(), IF(ISBLANK(C14), "SIN FECHA", _xludf.LET( _xlpm.dC, C14 - _xlpm.h, _xlpm.fC, IF(_xlpm.dC>=0, _xlpm.dC, 99999), IF(_xlpm.fC=99999, "YA SE VENCIÓ", "EL VENCIMIENTO DE RC se vence en " & _xlpm.fC & " días" ) ) ) ) -> #NAME? | E14: =_xludf.LET( _xlpm.m, C14 - TODAY(), _xlpm.m ) -> #NAME? | F14: =Acreditados!H23 -> 46196 | G14: =_xludf.LET( _xlpm.h, TODAY(), IF(ISBLANK(F14), "SIN FECHA", _xludf.LET( _xlpm.dC, F14 - _xlpm.h, _xlpm.fC, IF(_xlpm.dC>=0, _xlpm.dC, 99999), IF(_xlpm.fC=99999, "YA SE VENCIÓ", "EL VENCIMIENTO DE RC se vence en " & _xlpm.fC & " días" ) ) ) ) -> #NAME? | H14: =_xludf.LET( _xlpm.m, F14 - TODAY(), _xlpm.m ) -> #NAME?
A15: 14 | B15: =Acreditados!C41 -> Doctorado en Ingeniería Telemática | C15: =Acreditados!I41 -> 46638 | D15: =_xludf.LET( _xlpm.h, TODAY(), IF(ISBLANK(C15), "SIN FECHA", _xludf.LET( _xlpm.dC, C15 - _xlpm.h, _xlpm.fC, IF(_xlpm.dC>=0, _xlpm.dC, 99999), IF(_xlpm.fC=99999, "YA SE VENCIÓ", "EL VENCIMIENTO DE RC se vence en " & _xlpm.fC & " días" ) ) ) ) -> #NAME? | E15: =_xludf.LET( _xlpm.m, C15 - TODAY(), _xlpm.m ) -> #NAME? | F15: =Acreditados!H41 -> 46211 | G15: =_xludf.LET( _xlpm.h, TODAY(), IF(ISBLANK(F15), "SIN FECHA", _xludf.LET( _xlpm.dC, F15 - _xlpm.h, _xlpm.fC, IF(_xlpm.dC>=0, _xlpm.dC, 99999), IF(_xlpm.fC=99999, "YA SE VENCIÓ", "EL VENCIMIENTO DE RC se vence en " & _xlpm.fC & " días" ) ) ) ) -> #NAME? | H15: =_xludf.LET( _xlpm.m, F15 - TODAY(), _xlpm.m ) -> #NAME?
A16: 15 | B16: =Acreditados!C44 -> Maestría en Automática | C16: =Acreditados!I44 -> 46691 | D16: =_xludf.LET( _xlpm.h, TODAY(), IF(ISBLANK(C16), "SIN FECHA", _xludf.LET( _xlpm.dC, C16 - _xlpm.h, _xlpm.fC, IF(_xlpm.dC>=0, _xlpm.dC, 99999), IF(_xlpm.fC=99999, "YA SE VENCIÓ", "EL VENCIMIENTO DE RC se vence en " & _xlpm.fC & " días" ) ) ) ) -> #NAME? | E16: =_xludf.LET( _xlpm.m, C16 - TODAY(), _xlpm.m ) -> #NAME? | F16: =Acreditados!H44 -> 46265 | G16: =_xludf.LET( _xlpm.h, TODAY(), IF(ISBLANK(F16), "SIN FECHA", _xludf.LET( _xlpm.dC, F16 - _xlpm.h, _xlpm.fC, IF(_xlpm.dC>=0, _xlpm.dC, 99999), IF(_xlpm.fC=99999, "YA SE VENCIÓ", "EL VENCIMIENTO DE RC se vence en " & _xlpm.fC & " días" ) ) ) ) -> #NAME? | H16: =_xludf.LET( _xlpm.m, F16 - TODAY(), _xlpm.m ) -> #NAME?
A17: 16 | B17: =Acreditados!C18 -> Medicina | C17: =Acreditados!I18 -> 46721 | D17: =_xludf.LET( _xlpm.h, TODAY(), IF(ISBLANK(C17), "SIN FECHA", _xludf.LET( _xlpm.dC, C17 - _xlpm.h, _xlpm.fC, IF(_xlpm.dC>=0, _xlpm.dC, 99999), IF(_xlpm.fC=99999, "YA SE VENCIÓ", "EL VENCIMIENTO DE RC se vence en " & _xlpm.fC & " días" ) ) ) ) -> #NAME? | E17: =_xludf.LET( _xlpm.m, C17 - TODAY(), _xlpm.m ) -> #NAME? | F17: =Acreditados!H18 -> 46295 | G17: =_xludf.LET( _xlpm.h, TODAY(), IF(ISBLANK(F17), "SIN FECHA", _xludf.LET( _xlpm.dC, F17 - _xlpm.h, _xlpm.fC, IF(_xlpm.dC>=0, _xlpm.dC, 99999), IF(_xlpm.fC=99999, "YA SE VENCIÓ", "EL VENCIMIENTO DE RC se vence en " & _xlpm.fC & " días" ) ) ) ) -> #NAME? | H17: =_xludf.LET( _xlpm.m, F17 - TODAY(), _xlpm.m ) -> #NAME?
A18: 17 | B18: =Acreditados!C15 -> Ingeniería Agropecuaria | C18: =Acreditados!I15 -> 46813 | D18: =_xludf.LET( _xlpm.h, TODAY(), IF(ISBLANK(C18), "SIN FECHA", _xludf.LET( _xlpm.dC, C18 - _xlpm.h, _xlpm.fC, IF(_xlpm.dC>=0, _xlpm.dC, 99999), IF(_xlpm.fC=99999, "YA SE VENCIÓ", "EL VENCIMIENTO DE RC se vence en " & _xlpm.fC & " días" ) ) ) ) -> #NAME? | E18: =_xludf.LET( _xlpm.m, C18 - TODAY(), _xlpm.m ) -> #NAME? | F18: =Acreditados!H15 -> 46388 | G18: =_xludf.LET( _xlpm.h, TODAY(), IF(ISBLANK(F18), "SIN FECHA", _xludf.LET( _xlpm.dC, F18 - _xlpm.h, _xlpm.fC, IF(_xlpm.dC>=0, _xlpm.dC, 99999), IF(_xlpm.fC=99999, "YA SE VENCIÓ", "EL VENCIMIENTO DE RC se vence en " & _xlpm.fC & " días" ) ) ) ) -> #NAME? | H18: =_xludf.LET( _xlpm.m, F18 - TODAY(), _xlpm.m ) -> #NAME?
A19: 18 | B19: =Acreditados!C42 -> Ingeniería de Sistemas | C19: =Acreditados!I42 -> 46817 | D19: =_xludf.LET( _xlpm.h, TODAY(), IF(ISBLANK(C19), "SIN FECHA", _xludf.LET( _xlpm.dC, C19 - _xlpm.h, _xlpm.fC, IF(_xlpm.dC>=0, _xlpm.dC, 99999), IF(_xlpm.fC=99999, "YA SE VENCIÓ", "EL VENCIMIENTO DE RC se vence en " & _xlpm.fC & " días" ) ) ) ) -> #NAME? | E19: =_xludf.LET( _xlpm.m, C19 - TODAY(), _xlpm.m ) -> #NAME? | F19: =Acreditados!H42 -> 46392 | G19: =_xludf.LET( _xlpm.h, TODAY(), IF(ISBLANK(F19), "SIN FECHA", _xludf.LET( _xlpm.dC, F19 - _xlpm.h, _xlpm.fC, IF(_xlpm.dC>=0, _xlpm.dC, 99999), IF(_xlpm.fC=99999, "YA SE VENCIÓ", "EL VENCIMIENTO DE RC se vence en " & _xlpm.fC & " días" ) ) ) ) -> #NAME? | H19: =_xludf.LET( _xlpm.m, F19 - TODAY(), _xlpm.m ) -> #NAME?
A20: 19 | B20: =Acreditados!C11 -> Licenciatura en Música | C20: =Acreditados!I11 -> 47152 | D20: =_xludf.LET( _xlpm.h, TODAY(), IF(ISBLANK(C20), "SIN FECHA", _xludf.LET( _xlpm.dC, C20 - _xlpm.h, _xlpm.fC, IF(_xlpm.dC>=0, _xlpm.dC, 99999), IF(_xlpm.fC=99999, "YA SE VENCIÓ", "EL VENCIMIENTO DE RC se vence en " & _xlpm.fC & " días" ) ) ) ) -> #NAME? | E20: =_xludf.LET( _xlpm.m, C20 - TODAY(), _xlpm.m ) -> #NAME? | F20: =Acreditados!H11 -> 46724 | G20: =_xludf.LET( _xlpm.h, TODAY(), IF(ISBLANK(F20), "SIN FECHA", _xludf.LET( _xlpm.dC, F20 - _xlpm.h, _xlpm.fC, IF(_xlpm.dC>=0, _xlpm.dC, 99999), IF(_xlpm.fC=99999, "YA SE VENCIÓ", "EL VENCIMIENTO DE RC se vence en " & _xlpm.fC & " días" ) ) ) ) -> #NAME? | H20: =_xludf.LET( _xlpm.m, F20 - TODAY(), _xlpm.m ) -> #NAME?
A21: 20 | B21: =Acreditados!C12 -> Música Instrumental | C21: =Acreditados!I12 -> 47152 | D21: =_xludf.LET( _xlpm.h, TODAY(), IF(ISBLANK(C21), "SIN FECHA", _xludf.LET( _xlpm.dC, C21 - _xlpm.h, _xlpm.fC, IF(_xlpm.dC>=0, _xlpm.dC, 99999), IF(_xlpm.fC=99999, "YA SE VENCIÓ", "EL VENCIMIENTO DE RC se vence en " & _xlpm.fC & " días" ) ) ) ) -> #NAME? | E21: =_xludf.LET( _xlpm.m, C21 - TODAY(), _xlpm.m ) -> #NAME? | F21: =Acreditados!H12 -> 46724 | G21: =_xludf.LET( _xlpm.h, TODAY(), IF(ISBLANK(F21), "SIN FECHA", _xludf.LET( _xlpm.dC, F21 - _xlpm.h, _xlpm.fC, IF(_xlpm.dC>=0, _xlpm.dC, 99999), IF(_xlpm.fC=99999, "YA SE VENCIÓ", "EL VENCIMIENTO DE RC se vence en " & _xlpm.fC & " días" ) ) ) ) -> #NAME? | H21: =_xludf.LET( _xlpm.m, F21 - TODAY(), _xlpm.m ) -> #NAME?
A22: 21 | B22: =Acreditados!C29 -> Licenciatura en Ciencias Naturales y Educación Ambiental | C22: =Acreditados!I29 -> 47152 | D22: =_xludf.LET( _xlpm.h, TODAY(), IF(ISBLANK(C22), "SIN FECHA", _xludf.LET( _xlpm.dC, C22 - _xlpm.h, _xlpm.fC, IF(_xlpm.dC>=0, _xlpm.dC, 99999), IF(_xlpm.fC=99999, "YA SE VENCIÓ", "EL VENCIMIENTO DE RC se vence en " & _xlpm.fC & " días" ) ) ) ) -> #NAME? | E22: =_xludf.LET( _xlpm.m, C22 - TODAY(), _xlpm.m ) -> #NAME? | F22: =Acreditados!H29 -> 46724 | G22: =_xludf.LET( _xlpm.h, TODAY(), IF(ISBLANK(F22), "SIN FECHA", _xludf.LET( _xlpm.dC, F22 - _xlpm.h, _xlpm.fC, IF(_xlpm.dC>=0, _xlpm.dC, 99999), IF(_xlpm.fC=99999, "YA SE VENCIÓ", "EL VENCIMIENTO DE RC se vence en " & _xlpm.fC & " días" ) ) ) ) -> #NAME? | H22: =_xludf.LET( _xlpm.m, F22 - TODAY(), _xlpm.m ) -> #NAME?
A23: 22 | B23: =Acreditados!C30 -> Licenciatura en Educación Básica Primaria | C23: =Acreditados!I30 -> 47152 | D23: =_xludf.LET( _xlpm.h, TODAY(), IF(ISBLANK(C23), "SIN FECHA", _xludf.LET( _xlpm.dC, C23 - _xlpm.h, _xlpm.fC, IF(_xlpm.dC>=0, _xlpm.dC, 99999), IF(_xlpm.fC=99999, "YA SE VENCIÓ", "EL VENCIMIENTO DE RC se vence en " & _xlpm.fC & " días" ) ) ) ) -> #NAME? | E23: =_xludf.LET( _xlpm.m, C23 - TODAY(), _xlpm.m ) -> #NAME? | F23: =Acreditados!H30 -> 46724 | G23: =_xludf.LET( _xlpm.h, TODAY(), IF(ISBLANK(F23), "SIN FECHA", _xludf.LET( _xlpm.dC, F23 - _xlpm.h, _xlpm.fC, IF(_xlpm.dC>=0, _xlpm.dC, 99999), IF(_xlpm.fC=99999, "YA SE VENCIÓ", "EL VENCIMIENTO DE RC se vence en " & _xlpm.fC & " días" ) ) ) ) -> #NAME? | H23: =_xludf.LET( _xlpm.m, F23 - TODAY(), _xlpm.m ) -> #NAME?
A24: 23 | B24: =Acreditados!C13 -> Diseño Gráfico | C24: =Acreditados!I13 -> 47228 | D24: =_xludf.LET( _xlpm.h, TODAY(), IF(ISBLANK(C24), "SIN FECHA", _xludf.LET( _xlpm.dC, C24 - _xlpm.h, _xlpm.fC, IF(_xlpm.dC>=0, _xlpm.dC, 99999), IF(_xlpm.fC=99999, "YA SE VENCIÓ", "EL VENCIMIENTO DE RC se vence en " & _xlpm.fC & " días" ) ) ) ) -> #NAME? | E24: =_xludf.LET( _xlpm.m, C24 - TODAY(), _xlpm.m ) -> #NAME? | F24: =Acreditados!H13 -> 46803 | G24: =_xludf.LET( _xlpm.h, TODAY(), IF(ISBLANK(F24), "SIN FECHA", _xludf.LET( _xlpm.dC, F24 - _xlpm.h, _xlpm.fC, IF(_xlpm.dC>=0, _xlpm.dC, 99999), IF(_xlpm.fC=99999, "YA SE VENCIÓ", "EL VENCIMIENTO DE RC se vence en " & _xlpm.fC & " días" ) ) ) ) -> #NAME? | H24: =_xludf.LET( _xlpm.m, F24 - TODAY(), _xlpm.m ) -> #NAME?
A25: 24 | B25: =Acreditados!C36 -> Ingeniería Civil | C25: =Acreditados!I36 -> 47263 | D25: =_xludf.LET( _xlpm.h, TODAY(), IF(ISBLANK(C25), "SIN FECHA", _xludf.LET( _xlpm.dC, C25 - _xlpm.h, _xlpm.fC, IF(_xlpm.dC>=0, _xlpm.dC, 99999), IF(_xlpm.fC=99999, "YA SE VENCIÓ", "EL VENCIMIENTO DE RC se vence en " & _xlpm.fC & " días" ) ) ) ) -> #NAME? | E25: =_xludf.LET( _xlpm.m, C25 - TODAY(), _xlpm.m ) -> #NAME? | F25: =Acreditados!H36 -> 46837 | G25: =_xludf.LET( _xlpm.h, TODAY(), IF(ISBLANK(F25), "SIN FECHA", _xludf.LET( _xlpm.dC, F25 - _xlpm.h, _xlpm.fC, IF(_xlpm.dC>=0, _xlpm.dC, 99999), IF(_xlpm.fC=99999, "YA SE VENCIÓ", "EL VENCIMIENTO DE RC se vence en " & _xlpm.fC & " días" ) ) ) ) -> #NAME? | H25: =_xludf.LET( _xlpm.m, F25 - TODAY(), _xlpm.m ) -> #NAME?
A26: 25 | B26: =Acreditados!C31 -> Química | C26: =Acreditados!I31 -> 47267 | D26: =_xludf.LET( _xlpm.h, TODAY(), IF(ISBLANK(C26), "SIN FECHA", _xludf.LET( _xlpm.dC, C26 - _xlpm.h, _xlpm.fC, IF(_xlpm.dC>=0, _xlpm.dC, 99999), IF(_xlpm.fC=99999, "YA SE VENCIÓ", "EL VENCIMIENTO DE RC se vence en " & _xlpm.fC & " días" ) ) ) ) -> #NAME? | E26: =_xludf.LET( _xlpm.m, C26 - TODAY(), _xlpm.m ) -> #NAME? | F26: =Acreditados!H31 -> 46841 | G26: =_xludf.LET( _xlpm.h, TODAY(), IF(ISBLANK(F26), "SIN FECHA", _xludf.LET( _xlpm.dC, F26 - _xlpm.h, _xlpm.fC, IF(_xlpm.dC>=0, _xlpm.dC, 99999), IF(_xlpm.fC=99999, "YA SE VENCIÓ", "EL VENCIMIENTO DE RC se vence en " & _xlpm.fC & " días" ) ) ) ) -> #NAME? | H26: =_xludf.LET( _xlpm.m, F26 - TODAY(), _xlpm.m ) -> #NAME?
A27: 26 | B27: =Acreditados!C19 -> Fisioterapia | C27: =Acreditados!I19 -> 47304 | D27: =_xludf.LET( _xlpm.h, TODAY(), IF(ISBLANK(C27), "SIN FECHA", _xludf.LET( _xlpm.dC, C27 - _xlpm.h, _xlpm.fC, IF(_xlpm.dC>=0, _xlpm.dC, 99999), IF(_xlpm.fC=99999, "YA SE VENCIÓ", "EL VENCIMIENTO DE RC se vence en " & _xlpm.fC & " días" ) ) ) ) -> #NAME? | E27: =_xludf.LET( _xlpm.m, C27 - TODAY(), _xlpm.m ) -> #NAME? | F27: =Acreditados!H19 -> 46878 | G27: =_xludf.LET( _xlpm.h, TODAY(), IF(ISBLANK(F27), "SIN FECHA", _xludf.LET( _xlpm.dC, F27 - _xlpm.h, _xlpm.fC, IF(_xlpm.dC>=0, _xlpm.dC, 99999), IF(_xlpm.fC=99999, "YA SE VENCIÓ", "EL VENCIMIENTO DE RC se vence en " & _xlpm.fC & " días" ) ) ) ) -> #NAME? | H27: =_xludf.LET( _xlpm.m, F27 - TODAY(), _xlpm.m ) -> #NAME?
A28: 27 | B28: =Acreditados!C20 -> Enfermería | C28: =Acreditados!I20 -> 47353 | D28: =_xludf.LET( _xlpm.h, TODAY(), IF(ISBLANK(C28), "SIN FECHA", _xludf.LET( _xlpm.dC, C28 - _xlpm.h, _xlpm.fC, IF(_xlpm.dC>=0, _xlpm.dC, 99999), IF(_xlpm.fC=99999, "YA SE VENCIÓ", "EL VENCIMIENTO DE RC se vence en " & _xlpm.fC & " días" ) ) ) ) -> #NAME? | E28: =_xludf.LET( _xlpm.m, C28 - TODAY(), _xlpm.m ) -> #NAME? | F28: =Acreditados!H20 -> 46927 | G28: =_xludf.LET( _xlpm.h, TODAY(), IF(ISBLANK(F28), "SIN FECHA", _xludf.LET( _xlpm.dC, F28 - _xlpm.h, _xlpm.fC, IF(_xlpm.dC>=0, _xlpm.dC, 99999), IF(_xlpm.fC=99999, "YA SE VENCIÓ", "EL VENCIMIENTO DE RC se vence en " & _xlpm.fC & " días" ) ) ) ) -> #NAME? | H28: =_xludf.LET( _xlpm.m, F28 - TODAY(), _xlpm.m ) -> #NAME?
A29: 28 | B29: =Acreditados!C33 -> Doctorado en Ciencias de la Educación | C29: =Acreditados!I33 -> 47381 | D29: =_xludf.LET( _xlpm.h, TODAY(), IF(ISBLANK(C29), "SIN FECHA", _xludf.LET( _xlpm.dC, C29 - _xlpm.h, _xlpm.fC, IF(_xlpm.dC>=0, _xlpm.dC, 99999), IF(_xlpm.fC=99999, "YA SE VENCIÓ", "EL VENCIMIENTO DE RC se vence en " & _xlpm.fC & " días" ) ) ) ) -> #NAME? | E29: =_xludf.LET( _xlpm.m, C29 - TODAY(), _xlpm.m ) -> #NAME? | F29: =Acreditados!H33 -> 46954 | G29: =_xludf.LET( _xlpm.h, TODAY(), IF(ISBLANK(F29), "SIN FECHA", _xludf.LET( _xlpm.dC, F29 - _xlpm.h, _xlpm.fC, IF(_xlpm.dC>=0, _xlpm.dC, 99999), IF(_xlpm.fC=99999, "YA SE VENCIÓ", "EL VENCIMIENTO DE RC se vence en " & _xlpm.fC & " días" ) ) ) ) -> #NAME? | H29: =_xludf.LET( _xlpm.m, F29 - TODAY(), _xlpm.m ) -> #NAME?
A30: 29 | B30: =Acreditados!C40 -> Doctorado en Ciencias de la Electrónica | C30: =Acreditados!I40 -> 47422 | D30: =_xludf.LET( _xlpm.h, TODAY(), IF(ISBLANK(C30), "SIN FECHA", _xludf.LET( _xlpm.dC, C30 - _xlpm.h, _xlpm.fC, IF(_xlpm.dC>=0, _xlpm.dC, 99999), IF(_xlpm.fC=99999, "YA SE VENCIÓ", "EL VENCIMIENTO DE RC se vence en " & _xlpm.fC & " días" ) ) ) ) -> #NAME? | E30: =_xludf.LET( _xlpm.m, C30 - TODAY(), _xlpm.m ) -> #NAME? | F30: =Acreditados!H40 -> 46996 | G30: =_xludf.LET( _xlpm.h, TODAY(), IF(ISBLANK(F30), "SIN FECHA", _xludf.LET( _xlpm.dC, F30 - _xlpm.h, _xlpm.fC, IF(_xlpm.dC>=0, _xlpm.dC, 99999), IF(_xlpm.fC=99999, "YA SE VENCIÓ", "EL VENCIMIENTO DE RC se vence en " & _xlpm.fC & " días" ) ) ) ) -> #NAME? | H30: =_xludf.LET( _xlpm.m, F30 - TODAY(), _xlpm.m ) -> #NAME?
A31: 30 | B31: =Acreditados!C43 -> Maestría en Computación | C31: =Acreditados!I43 -> 47424 | D31: =_xludf.LET( _xlpm.h, TODAY(), IF(ISBLANK(C31), "SIN FECHA", _xludf.LET( _xlpm.dC, C31 - _xlpm.h, _xlpm.fC, IF(_xlpm.dC>=0, _xlpm.dC, 99999), IF(_xlpm.fC=99999, "YA SE VENCIÓ", "EL VENCIMIENTO DE RC se vence en " & _xlpm.fC & " días" ) ) ) ) -> #NAME? | E31: =_xludf.LET( _xlpm.m, C31 - TODAY(), _xlpm.m ) -> #NAME? | F31: =Acreditados!H43 -> 46998 | G31: =_xludf.LET( _xlpm.h, TODAY(), IF(ISBLANK(F31), "SIN FECHA", _xludf.LET( _xlpm.dC, F31 - _xlpm.h, _xlpm.fC, IF(_xlpm.dC>=0, _xlpm.dC, 99999), IF(_xlpm.fC=99999, "YA SE VENCIÓ", "EL VENCIMIENTO DE RC se vence en " & _xlpm.fC & " días" ) ) ) ) -> #NAME? | H31: =_xludf.LET( _xlpm.m, F31 - TODAY(), _xlpm.m ) -> #NAME?
A32: 31 | B32: =Acreditados!C32 -> Maestría en Recursos Hidrobiológicos Continentales | C32: =Acreditados!I32 -> 47445 | D32: =_xludf.LET( _xlpm.h, TODAY(), IF(ISBLANK(C32), "SIN FECHA", _xludf.LET( _xlpm.dC, C32 - _xlpm.h, _xlpm.fC, IF(_xlpm.dC>=0, _xlpm.dC, 99999), IF(_xlpm.fC=99999, "YA SE VENCIÓ", "EL VENCIMIENTO DE RC se vence en " & _xlpm.fC & " días" ) ) ) ) -> #NAME? | E32: =_xludf.LET( _xlpm.m, C32 - TODAY(), _xlpm.m ) -> #NAME? | F32: =Acreditados!H32 -> 47019 | G32: =_xludf.LET( _xlpm.h, TODAY(), IF(ISBLANK(F32), "SIN FECHA", _xludf.LET( _xlpm.dC, F32 - _xlpm.h, _xlpm.fC, IF(_xlpm.dC>=0, _xlpm.dC, 99999), IF(_xlpm.fC=99999, "YA SE VENCIÓ", "EL VENCIMIENTO DE RC se vence en " & _xlpm.fC & " días" ) ) ) ) -> #NAME? | H32: =_xludf.LET( _xlpm.m, F32 - TODAY(), _xlpm.m ) -> #NAME?
A33: 32 | B33: =Acreditados!C35 -> Doctorado en Ciencias Ambientales | C33: =Acreditados!I35 -> 47527 | D33: =_xludf.LET( _xlpm.h, TODAY(), IF(ISBLANK(C33), "SIN FECHA", _xludf.LET( _xlpm.dC, C33 - _xlpm.h, _xlpm.fC, IF(_xlpm.dC>=0, _xlpm.dC, 99999), IF(_xlpm.fC=99999, "YA SE VENCIÓ", "EL VENCIMIENTO DE RC se vence en " & _xlpm.fC & " días" ) ) ) ) -> #NAME? | E33: =_xludf.LET( _xlpm.m, C33 - TODAY(), _xlpm.m ) -> #NAME? | F33: =Acreditados!H35 -> 47100 | G33: =_xludf.LET( _xlpm.h, TODAY(), IF(ISBLANK(F33), "SIN FECHA", _xludf.LET( _xlpm.dC, F33 - _xlpm.h, _xlpm.fC, IF(_xlpm.dC>=0, _xlpm.dC, 99999), IF(_xlpm.fC=99999, "YA SE VENCIÓ", "EL VENCIMIENTO DE RC se vence en " & _xlpm.fC & " días" ) ) ) ) -> #NAME? | H33: =_xludf.LET( _xlpm.m, F33 - TODAY(), _xlpm.m ) -> #NAME?
A34: 33 | B34: =Acreditados!C34 -> Licenciatura en Matemáticas | C34: =Acreditados!I34 -> 47542 | D34: =_xludf.LET( _xlpm.h, TODAY(), IF(ISBLANK(C34), "SIN FECHA", _xludf.LET( _xlpm.dC, C34 - _xlpm.h, _xlpm.fC, IF(_xlpm.dC>=0, _xlpm.dC, 99999), IF(_xlpm.fC=99999, "YA SE VENCIÓ", "EL VENCIMIENTO DE RC se vence en " & _xlpm.fC & " días" ) ) ) ) -> #NAME? | E34: =_xludf.LET( _xlpm.m, C34 - TODAY(), _xlpm.m ) -> #NAME? | F34: =Acreditados!H34 -> 47115 | G34: =_xludf.LET( _xlpm.h, TODAY(), IF(ISBLANK(F34), "SIN FECHA", _xludf.LET( _xlpm.dC, F34 - _xlpm.h, _xlpm.fC, IF(_xlpm.dC>=0, _xlpm.dC, 99999), IF(_xlpm.fC=99999, "YA SE VENCIÓ", "EL VENCIMIENTO DE RC se vence en " & _xlpm.fC & " días" ) ) ) ) -> #NAME? | H34: =_xludf.LET( _xlpm.m, F34 - TODAY(), _xlpm.m ) -> #NAME?
A35: 34 | B35: =Acreditados!C16 -> Ingeniería Forestal | C35: =Acreditados!I16 -> 47962 | D35: =_xludf.LET( _xlpm.h, TODAY(), IF(ISBLANK(C35), "SIN FECHA", _xludf.LET( _xlpm.dC, C35 - _xlpm.h, _xlpm.fC, IF(_xlpm.dC>=0, _xlpm.dC, 99999), IF(_xlpm.fC=99999, "YA SE VENCIÓ", "EL VENCIMIENTO DE RC se vence en " & _xlpm.fC & " días" ) ) ) ) -> #NAME? | E35: =_xludf.LET( _xlpm.m, C35 - TODAY(), _xlpm.m ) -> #NAME? | F35: =Acreditados!H16 -> 47538 | G35: =_xludf.LET( _xlpm.h, TODAY(), IF(ISBLANK(F35), "SIN FECHA", _xludf.LET( _xlpm.dC, F35 - _xlpm.h, _xlpm.fC, IF(_xlpm.dC>=0, _xlpm.dC, 99999), IF(_xlpm.fC=99999, "YA SE VENCIÓ", "EL VENCIMIENTO DE RC se vence en " & _xlpm.fC & " días" ) ) ) ) -> #NAME? | H35: =_xludf.LET( _xlpm.m, F35 - TODAY(), _xlpm.m ) -> #NAME?
A36: 35 | B36: =Acreditados!C24 -> Antropología | C36: =Acreditados!I24 -> 48022 | D36: =_xludf.LET( _xlpm.h, TODAY(), IF(ISBLANK(C36), "SIN FECHA", _xludf.LET( _xlpm.dC, C36 - _xlpm.h, _xlpm.fC, IF(_xlpm.dC>=0, _xlpm.dC, 99999), IF(_xlpm.fC=99999, "YA SE VENCIÓ", "EL VENCIMIENTO DE RC se vence en " & _xlpm.fC & " días" ) ) ) ) -> #NAME? | E36: =_xludf.LET( _xlpm.m, C36 - TODAY(), _xlpm.m ) -> #NAME? | F36: =Acreditados!H24 -> 47596 | G36: =_xludf.LET( _xlpm.h, TODAY(), IF(ISBLANK(F36), "SIN FECHA", _xludf.LET( _xlpm.dC, F36 - _xlpm.h, _xlpm.fC, IF(_xlpm.dC>=0, _xlpm.dC, 99999), IF(_xlpm.fC=99999, "YA SE VENCIÓ", "EL VENCIMIENTO DE RC se vence en " & _xlpm.fC & " días" ) ) ) ) -> #NAME? | H36: =_xludf.LET( _xlpm.m, F36 - TODAY(), _xlpm.m ) -> #NAME?

Sheet ProgramasRC
B6: Facultad | C6: Programa | D6: Nivel | E6: Documentos | F6: Tecn. | G6: Pregrado | H6: Esp. | I6: Esp. Méd.Quir. | J6: Maestrías | K6: Doct. | L6: Total
B7: Facultad de Artes | C7: Licenciatura en Música (225) | D7: Pregrado | F7: =COUNTIF(D7:D12,"Tecnologías") -> 0 | G7: =COUNTIF(D7:D12,"Pregrado") -> 5 | H7: =COUNTIF(D7:D12,"Especializaciones") -> 0 | I7: =COUNTIF(D7:D12,"Esp. Médico Quirúrgicas") -> 0 | J7: =COUNTIF(D7:D12,"Maestrías") -> 1 | K7: =COUNTIF(D7:D12,"Doctorados") -> 0 | L7: =SUM(F7:K12) -> 6
C8: Diseño Gráfico (4963) | D8: Pregrado
C9: Dirección de Banda (11067) | D9: Pregrado
C10: Artes Plásticas (224) | D10: Pregrado
C11: Música Instrumental (54801) | D11: Pregrado
C12: Maestría en Música ( 104526) | D12: Maestrías
B13: Facultad de Ciencias Agrarias | C13: Ingenieria Agroindustrial (3833) | D13: Pregrado | F13: =COUNTIF(D13:D19,"Tecnologías") -> 0 | G13: =COUNTIF(D13:D19,"Pregrado") -> 3 | H13: =COUNTIF(D13:D19,"Especializaciones") -> 2 | I13: =COUNTIF(D13:D19,"Esp. Médico Quirúrgicas") -> 0 | J13: =COUNTIF(D13:D19,"Maestrías") -> 1 | K13: =COUNTIF(D13:D19,"Doctorados") -> 1 | L13: =SUM(F13:K16) -> 7
C14: Ingeniería Forestal (8482) | D14: Pregrado
C15: Ingeniería Agropecuaria (7171) | D15: Pregrado
C16: Especialización en Sanidad en Producción Agraria Integrada - Popayán ( 103292) | D16: Especializaciones
C17: Especialización en Gestión Integral del Recurso Hídrico (104846) | D17: Especializaciones
C18: Maestría en Ciencias Agrarias (104677) | D18: Maestrías
C19: Doctorado en Ciencias Agrarias y Agroindustriales ( 103231) | D19: Doctorados
B20: Facultad de Ciencias Contables, Económicas y Administrativas | C20: Contaduría Pública (235) | D20: Pregrado | E20: Contaduría, Esp Derecho Procesal, Enfermería S.Q. Ing. Física 2025.pdf Rta/ Contaduría, Esp. Derecho Procesal, Enfermería S.Q. Ing. Física.pdf | F20: =COUNTIF(D20:D32,"Tecnologías") -> 0 | G20: =COUNTIF(D20:D32,"Pregrado") -> 4 | H20: =COUNTIF(D20:D32,"Especializaciones") -> 5 | I20: =COUNTIF(D20:D32,"Esp. Médico Quirúrgicas") -> 0 | J20: =COUNTIF(D20:D32,"Maestrías") -> 4 | K20: =COUNTIF(D20:D32,"Doctorados") -> 0 | L20: =SUM(F20:K29) -> 13
C21: Economía (8441) | D21: Pregrado
C22: Administración de Empresas (234) | D22: Pregrado
C23: Turismo (18679) | D23: Pregrado
C24: Especialización en Gerencia de Impuestos ( 2970) | D24: Especializaciones
C25: Especialización en Gerencia de Proyectos - Popayán (3613) | D25: Especializaciones
C26: Especialización en Revisoría Fiscal y Auditoría Internacional (15924) | D26: Especializaciones
C27: Especialización en Mercadeo Corporativo (15358) | D27: Especializaciones
C28: Especialización en Gerencia de Proyectos CONV. U. de Pasto (102109) | D28: Especializaciones
C29: Maestría en Estudios Interdisciplinarios del Desarrollo Popayán ( 55045) | D29: Maestrías
C30: Maestría en Gestión de Organizaciones y Proyectos (103477) | D30: Maestrías
C31: Maestría en Economía Regional y Políticas Públicas (110924) | D31: Maestrías
C32: Maestría en Gestión del Conocimiento y la Innovación (111151) | D32: Maestrías
B33: Facultad de Ciencias Naturales, Exactas y de la Educación | C33: Licenciatura en Educación Artística (106651) | D33: Pregrado | F33: =COUNTIF(D33:D59,"Tecnologías") -> 0 | G33: =COUNTIF(D33:D59,"Pregrado") -> 9 | H33: =COUNTIF(D33:D59,"Especializaciones") -> 1 | I33: =COUNTIF(D33:D59,"Esp. Médico Quirúrgicas") -> 0 | J33: =COUNTIF(D33:D59,"Maestrías") -> 12 | K33: =COUNTIF(D33:D59,"Doctorados") -> 5 | L33: =SUM(F33:K59) -> 27
C34: Licenciatura en Educación Básica Primaria (106794) | D34: Pregrado
C35: Lic. en Ciencias Naturales y Educación Ambiental ( 106574) | D35: Pregrado
C36: Lic. en Educación Física, Recreación y Deportes (106545) | D36: Pregrado
C37: Licenciatura en Matemáticas (229) | D37: Pregrado
C38: Biología (3048) | D38: Pregrado
C39: Ingeniería Física (3636) | D39: Pregrado | E39: Contaduría, Esp Derecho Procesal, Enfermería S.Q. Ing. Física 2025.pdf Rta/ Contaduría, Esp. Derecho Procesal, Enfermería S.Q. Ing. Física.pdf
C40: Matemáticas (4010) | D40: Pregrado
C41: Química (2130) | D41: Pregrado
C42: Especialización en Educación y Discapacidad (105532) | D42: Especializaciones
C43: Maestría en Recursos Hidrobiológicos Continentales (256) | D43: Maestrías
C44: Maestría en Educación (MI) (104784) Popayán | D44: Maestrías
C45: Maestría en Ingeniería Física (53504) | D45: Maestrías
C46: Maestría en Ciencias Química (90909) | D46: Maestrías
C47: Maestría en Ciencias Matemáticas (90576) | D47: Maestrías
C48: Maestría en Educación Popular (103476) | D48: Maestrías
C49: Maestría en Educación Popular - Santander de Quilichao ( 103504) | D49: Maestrías
C50: Maestría en Educación, Estudios del Cuerpo y la Motricidad (104303) | D50: Maestrías
C51: Maestría en Biología (104621) | D51: Maestrías
... C59: Doctorado en Ciencias de la Educación (7172) | D59: Doctorados
B60: Facultad de Ciencias Humanas y Sociales | C60: Antropología (232) | D60: Pregrado | F60: =COUNTIF(D60:D72,"Tecnologías") -> 0 | G60: =COUNTIF(D60:D72,"Pregrado") -> 8 | H60: =COUNTIF(D60:D72,"Especializaciones") -> 0 | I60: =COUNTIF(D60:D72,"Esp. Médico Quirúrgicas") -> 0 | J60: =COUNTIF(D60:D72,"Maestrías") -> 3 | K60: =COUNTIF(D60:D72,"Doctorados") -> 2 | L60: =SUM(F60:K70) -> 13
